date,institute,survey_start,survey_end,sample_size,FdI,PD,M5S,Lega,FI,AVS,+E,NM,Az-IV,Others
2026-07-16,Termometro Politico,2026-07-15,2026-07-16,2700,27.7,21.5,12.8,6.0,7.6,6.4,1.7,1.0,5.5,9.8
2026-07-16,EMG,2026-07-03,2026-07-16,1000,24.6,20.9,12.7,7.5,8.4,6.0,1.5,1.7,5.2,11.5
2026-07-12,BiDiMedia,2026-07-10,2026-07-12,1000,26.9,21.5,11.4,4.9,7.2,6.5,1.0,0.7,4.9,15.5
2026-07-13,SWG,2026-07-08,2026-07-13,1200,27.2,21.3,12.9,5.4,7.7,6.4,1.3,1.1,6.0,10.7
2026-07-09,Termometro Politico,2026-07-08,2026-07-09,2100,27.5,21.6,12.5,6.5,7.8,6.4,1.6,1.1,5.5,9.5
2026-07-07,EMG,2026-07-06,2026-07-07,1000,25.0,21.0,12.8,7.4,8.8,6.0,1.6,1.6,5.0,10.8
2026-07-07,Ixè,2026-06-30,2026-07-07,1000,27.5,21.4,12.8,5.1,7.7,7.1,1.1,1.1,5.3,10.9
2026-07-06,BiDiMedia,2026-07-04,2026-07-06,1000,26.7,21.8,12.2,5.7,7.3,6.5,0.9,0.6,5.3,13.0
2026-07-06,SWG,2026-07-01,2026-07-06,1200,27.1,21.5,13.1,5.6,7.4,6.5,1.4,1.1,5.9,10.4
2026-07-03,Tecnè,2026-07-01,2026-07-03,1001,29.0,21.5,12.8,6.0,8.6,6.4,1.3,0.9,4.9,8.6
2026-07-02,Termometro Politico,2026-07-01,2026-07-02,2000,27.9,21.5,12.3,6.4,7.8,6.6,1.7,1.1,5.2,9.5
2026-07-01,Istituto Piepoli,2026-06-30,2026-07-01,500,28.0,21.0,13.0,6.0,8.0,6.0,1.0,1.5,6.0,9.5
2026-07-01,YouTrend,2026-06-30,2026-07-01,810,26.9,22.0,12.0,5.4,7.6,6.6,1.3,0.8,5.9,11.5
2026-06-30,EMG,2026-06-17,2026-06-30,1000,25.6,20.8,13.0,7.4,8.5,6.0,1.5,1.6,5.1,10.5
2026-06-29,SWG,2026-06-24,2026-06-29,1200,27.3,21.8,13.3,5.4,7.2,6.4,1.5,1.2,5.9,10.0
2026-06-26,Tecnè,2026-06-25,2026-06-26,998,29.3,21.5,12.7,6.4,8.7,6.5,1.4,0.9,5.1,7.5
2026-06-25,Termometro Politico,2026-06-24,2026-06-25,2500,28.2,21.6,12.5,6.4,8.0,6.3,1.6,1.0,5.5,8.9
2026-06-25,Ipsos,2026-06-22,2026-06-25,1000,27.0,20.1,14.3,5.6,8.3,6.2,1.9,0.8,5.0,10.8
2026-06-23,EMG,2026-06-22,2026-06-23,1000,26.0,20.5,13.2,7.4,8.3,6.1,1.5,1.6,5.1,10.3
2026-06-22,SWG,2026-06-17,2026-06-22,1200,27.7,21.8,13.2,5.4,7.4,6.6,1.6,1.0,6.2,8.1
2026-06-19,BiDiMedia,2026-06-18,2026-06-19,1000,27.6,22.2,12.0,6.0,7.3,6.6,1.0,1.0,5.1,11.2
2026-06-19,Tecnè,2026-06-18,2026-06-19,998,29.3,21.5,12.4,6.5,8.7,6.4,1.5,1.0,5.3,7.4
2026-06-19,Sigma Piave,2026-06-15,2026-06-19,800,26.0,20.8,13.0,6.2,8.6,6.5,1.1,1.1,5.5,11.2
2026-06-18,Termometro Politico,2026-06-17,2026-06-18,2500,28.0,21.6,12.4,6.8,7.7,6.2,1.6,1.0,5.4,9.3
2026-06-17,Eumetra,2026-06-16,2026-06-17,800,28.2,21.7,12.8,6.2,7.8,6.6,1.3,1.1,5.4,8.9
2026-06-17,YouTrend,2026-06-16,2026-06-17,825,27.8,22.2,12.1,5.8,8.2,6.8,1.0,0.9,5.2,10.0
2026-06-16,EMG,2026-06-03,2026-06-16,1000,26.2,20.2,13.2,7.7,8.4,6.4,1.7,1.6,4.9,9.7
2026-06-15,SWG,2026-06-10,2026-06-15,1200,27.9,22.1,13.3,5.3,7.2,6.5,1.6,1.1,5.9,8.1
2026-06-12,Tecnè,2026-06-11,2026-06-12,1002,29.3,21.5,12.7,6.7,8.7,6.3,1.4,1.1,5.1,7.2
2026-06-11,Termometro Politico,2026-06-10,2026-06-11,2100,28.0,21.8,12.4,6.6,7.6,6.2,1.7,1.2,5.3,9.2
2026-06-10,Demopolis,2026-06-09,2026-06-10,2000,28.6,22.3,13.2,7.0,7.8,6.4,1.4,1.1,5.2,4.5
2026-06-09,EMG,2026-06-08,2026-06-09,1000,26.7,20.8,12.9,8.1,8.2,6.4,1.9,1.6,4.8,8.6
2026-06-09,Only Numbers,2026-06-08,2026-06-09,800,28.0,21.8,11.7,7.0,8.3,6.5,1.4,1.1,5.7,8.5
2026-06-08,SWG,2026-06-03,2026-06-08,1200,28.3,22.0,13.1,5.6,7.0,6.5,1.5,1.2,6.0,8.8
2026-06-05,Tecnè,2026-06-04,2026-06-05,1000,29.3,21.8,12.5,6.9,8.8,6.4,1.3,1.0,5.2,6.8
2026-06-04,Istituto Piepoli,2026-06-03,2026-06-04,500,28.5,21.0,12.5,6.0,8.5,7.0,1.5,1.5,5.5,8.0
2026-06-04,Termometro Politico,2026-06-03,2026-06-04,2200,27.8,21.8,12.6,6.9,7.7,6.3,1.7,1.0,5.2,9.0
2026-06-03,Eumetra,2026-06-03,2026-06-03,800,28.6,21.8,12.6,6.4,8.0,6.6,1.4,1.2,5.5,7.9
2026-06-03,Demopolis,2026-06-03,2026-06-03,2000,28.8,22.4,13.0,7.3,8.2,6.5,1.3,1.1,5.0,3.9
2026-06-02,EMG,2026-05-20,2026-06-02,1000,27.1,20.9,12.9,8.1,8.6,6.7,1.7,1.6,5.0,7.4
2026-06-01,SWG,2026-05-27,2026-06-01,1200,28.2,22.3,13.0,5.8,7.2,6.7,1.4,1.2,5.8,8.4
2026-05-31,Winpoll,2026-05-22,2026-05-31,1500,27.3,22.5,11.5,6.7,7.8,7.5,1.1,,5.4,10.2
2026-05-31,Only Numbers,2026-05-29,2026-05-31,800,28.2,22.4,12.1,7.4,8.3,6.3,1.1,1.0,5.6,7.6
2026-05-29,Tecnè,2026-05-28,2026-05-29,1001,29.4,22.1,12.4,7.0,8.8,6.3,1.4,0.9,5.2,6.5
2026-05-28,Termometro Politico,2026-05-27,2026-05-28,2400,28.1,22.0,12.7,6.8,7.9,6.0,1.8,1.1,5.4,8.2
2026-05-28,Ipsos,2026-05-25,2026-05-28,1000,27.6,20.1,14.5,5.7,8.2,6.8,1.5,0.8,5.1,9.7
2026-05-27,YouTrend,2026-05-26,2026-05-27,815,27.7,21.7,13.5,5.9,7.8,6.4,1.1,1.0,5.4,9.4
2026-05-27,BiDiMedia,2026-05-25,2026-05-27,1000,28.0,22.3,12.1,6.5,7.5,6.6,1.0,0.7,4.8,10.5
2026-05-26,EMG,2026-05-25,2026-05-26,1000,26.4,21.4,13.0,8.1,9.0,6.8,1.5,1.6,4.9,7.3
2026-05-26,Only Numbers,2026-05-25,2026-05-26,800,28.7,22.8,11.5,7.6,8.7,6.6,1.2,1.0,5.6,6.3
2026-05-25,SWG,2026-05-20,2026-05-25,1200,28.1,22.5,12.7,6.0,7.4,6.6,1.4,1.3,6.0,8.0
2026-05-25,Sigma Piave,2026-05-18,2026-05-25,800,27.1,21.7,14.0,7.2,7.7,6.4,1.7,1.0,5.5,7.7
2026-05-22,Tecnè,2026-05-21,2026-05-22,1000,29.2,22.0,12.7,6.9,8.8,6.2,1.5,1.0,5.4,6.3
2026-05-21,Termometro Politico,2026-05-20,2026-05-21,2400,28.1,22.2,12.5,6.8,7.8,6.2,1.8,1.0,5.5,8.1
2026-05-20,Eumetra,2026-05-19,2026-05-20,800,28.4,22.1,12.7,6.7,8.2,6.7,1.6,1.3,5.7,6.6
2026-05-19,EMG,2026-05-06,2026-05-19,1000,26.3,21.7,12.8,8.0,8.8,6.8,1.7,1.6,5.1,7.2
2026-05-19,Only Numbers,2026-05-18,2026-05-19,800,28.4,22.3,12.1,7.8,8.4,6.4,1.6,0.8,6.0,6.2
2026-05-18,SWG,2026-05-13,2026-05-18,1200,28.5,22.2,12.5,6.0,7.6,6.7,1.4,1.3,5.9,7.9
2026-05-18,Istituto Piepoli,2026-05-18,2026-05-18,500,29.0,21.0,13.0,6.5,8.0,7.0,1.0,1.5,5.5,7.5
2026-05-15,Tecnè,2026-05-13,2026-05-15,1000,28.9,22.1,12.9,7.1,8.8,6.3,1.4,1.0,5.4,6.1
2026-05-14,Termometro Politico,2026-05-12,2026-05-14,2400,28.4,22.2,12.4,7.0,8.0,6.2,1.7,1.0,5.4,7.7
2026-05-12,Only Numbers,2026-05-11,2026-05-12,800,28.3,22.5,11.9,8.0,8.5,6.5,1.7,0.8,5.8,6.0
2026-05-12,EMG,2026-05-11,2026-05-12,1000,26.6,21.7,12.8,8.0,8.5,6.6,1.9,1.6,5.2,7.1
2026-05-11,SWG,2026-05-06,2026-05-11,1200,28.8,22.0,12.2,6.2,7.5,6.8,1.5,1.1,6.0,7.9
2026-05-08,Termometro Politico,2026-05-06,2026-05-08,2300,28.7,22.1,12.7,7.2,7.7,6.0,1.9,1.0,5.4,7.3
2026-05-07,Tecnè,2026-05-05,2026-05-07,1000,28.9,22.2,13.0,7.2,8.9,6.2,1.5,1.0,5.2,5.9
2026-05-06,Eumetra,2026-05-05,2026-05-06,800,28.2,22.2,12.5,6.8,8.3,6.7,1.5,1.1,5.6,7.1
2026-05-06,Demos & Pi,2026-05-04,2026-05-06,999,28.6,21.5,13.0,7.8,8.0,5.8,2.1,,5.5,7.7
2026-05-05,Only Numbers,2026-05-04,2026-05-05,800,28.0,22.4,12.3,8.0,8.5,6.6,1.5,0.8,5.7,6.2
2026-05-05,BiDiMedia,2026-05-04,2026-05-05,1000,27.8,22.5,13.0,6.2,7.8,6.8,1.2,0.8,5.2,8.7
2026-05-05,EMG,2026-04-23,2026-05-05,1000,26.6,21.5,13.0,8.1,8.4,6.4,1.9,1.6,5.2,7.3
2026-05-04,SWG,2026-04-28,2026-05-04,1200,28.8,21.8,12.4,6.1,7.5,6.9,1.6,1.2,6.0,7.7
2026-04-29,Ipsos,2026-04-27,2026-04-29,1000,26.2,22.3,14.3,5.8,9.0,6.7,1.3,1.0,5.1,8.3
2026-04-28,YouTrend,2026-04-27,2026-04-28,813,26.6,22.7,13.4,6.8,8.2,6.3,1.2,1.3,5.8,7.7
2026-04-28,EMG,2026-04-27,2026-04-28,1000,27.2,21.7,13.0,8.0,8.2,6.3,1.8,1.6,5.3,6.9
2026-04-28,Only Numbers,2026-04-27,2026-04-28,1000,28.2,23.1,11.8,8.5,8.7,6.8,1.5,0.3,5.7,5.4
2026-04-27,Ixè,2026-04-20,2026-04-27,1000,28.4,23.4,12.9,6.0,8.3,6.9,1.5,1.0,5.6,6.0
2026-04-27,SWG,2026-04-22,2026-04-27,1200,29.1,21.6,12.5,6.2,7.7,6.7,1.5,1.1,5.7,7.9
2026-04-27,Winpoll,2026-04-20,2026-04-27,1500,26.6,23.0,11.4,6.4,8.5,7.5,1.3,,5.8,9.5
2026-04-23,Termometro Politico,2026-04-22,2026-04-23,2500,28.4,22.0,12.4,7.4,7.9,6.3,1.7,1.0,5.6,7.3
2026-04-22,Eumetra,2026-04-21,2026-04-22,800,28.7,22.2,12.4,6.9,8.3,6.5,1.4,1.1,5.6,6.9
2026-04-22,EMG,2026-04-09,2026-04-22,1000,27.1,21.7,12.9,8.0,8.0,6.2,1.8,1.6,5.2,7.5
2026-04-21,Only Numbers,2026-04-20,2026-04-21,1000,28.8,22.5,12.2,8.3,8.6,6.5,1.7,0.8,5.5,5.1
2026-04-20,Tecnè,2026-04-17,2026-04-20,1000,29.1,22.4,12.8,7.4,8.9,6.2,1.5,0.9,5.4,5.4
2026-04-20,SWG,2026-04-15,2026-04-20,1200,29.3,21.6,12.4,6.5,7.8,6.7,1.5,1.1,5.7,7.4
2026-04-20,Sigma Piave,2026-04-13,2026-04-20,800,27.7,22.0,13.4,7.4,8.4,6.1,1.5,1.0,5.1,7.4
2026-04-16,Termometro Politico,2026-04-15,2026-04-16,2700,28.6,22.0,12.5,7.2,8.1,6.4,1.8,1.0,5.3,7.1
2026-04-15,Istituto Piepoli,2026-04-13,2026-04-15,520,29.0,22.0,13.5,6.5,8.5,6.5,1.0,1.5,5.0,5.0
2026-04-14,BiDiMedia,2026-04-13,2026-04-14,1000,27.6,22.7,13.2,6.7,7.6,7.1,1.0,0.8,4.6,8.4
2026-04-14,EMG,2026-04-13,2026-04-14,1000,27.2,22.1,12.5,8.0,8.3,5.9,1.8,1.6,5.1,7.6
2026-04-13,SWG,2026-04-08,2026-04-13,1200,29.3,21.9,12.2,6.3,7.7,6.6,1.6,1.2,5.9,7.3
2026-04-13,YouTrend,2026-04-11,2026-04-13,815,26.4,22.9,14.1,6.6,8.0,6.0,1.2,1.1,5.6,8.1
2026-04-09,Termometro Politico,2026-04-08,2026-04-09,2500,29.2,22.0,12.3,7.3,7.9,6.5,1.8,1.0,5.4,6.6
2026-04-08,Demopolis,2026-04-07,2026-04-08,2000,28.5,22.6,13.0,7.2,8.3,6.6,1.4,1.0,5.1,3.5
2026-04-08,Eumetra,2026-04-07,2026-04-08,800,28.4,22.5,12.3,6.7,8.5,6.3,1.4,1.1,5.5,7.3
2026-04-08,EMG,2026-03-26,2026-04-08,1000,27.1,22.4,12.3,8.0,8.4,5.8,1.8,1.5,5.0,7.8
2026-04-07,Only Numbers,2026-04-06,2026-04-07,1000,27.3,22.3,11.7,8.3,8.8,6.5,1.9,0.7,5.6,6.9
2026-04-03,Tecnè,2026-04-02,2026-04-03,800,29.1,22.2,13.0,7.2,9.0,6.3,1.4,0.9,5.4,5.5
2026-04-03,Winpoll,2026-03-26,2026-04-03,1500,26.7,22.8,11.1,6.5,8.9,7.2,1.5,,5.9,9.4
2026-04-02,Termometro Politico,2026-03-31,2026-04-02,2700,29.2,22.0,12.1,7.6,8.0,6.2,1.8,1.0,5.4,6.7
2026-04-01,Eumetra,2026-03-31,2026-04-01,800,28.9,21.9,12.3,6.5,8.3,6.6,1.5,1.1,5.7,7.2
2026-03-31,EMG,2026-03-30,2026-03-31,1000,27.0,22.7,12.0,8.0,8.7,6.0,2.0,1.5,4.9,7.2
2026-03-31,Only Numbers,2026-03-30,2026-03-31,800,27.5,23.0,12.0,8.0,8.7,6.7,1.4,0.7,5.8,6.2
2026-03-30,SWG,2026-03-25,2026-03-30,1200,29.5,22.0,12.3,6.6,7.9,6.6,1.4,1.1,5.7,6.9
2026-03-28,BiDiMedia,2026-03-27,2026-03-28,1000,28.3,22.4,12.9,6.5,7.4,7.1,1.2,0.9,4.9,8.3
2026-03-26,Ipsos,2026-03-24,2026-03-26,1000,26.7,22.0,14.2,6.3,9.5,6.1,1.5,1.0,5.3,7.4
2026-03-25,EMG,2026-03-12,2026-03-25,1000,27.0,22.7,11.5,7.9,9.1,6.0,2.3,1.5,5.1,6.9
2026-03-25,Eumetra,2026-03-24,2026-03-25,800,29.3,21.5,12.1,6.5,8.0,6.5,1.4,1.2,5.8,7.7
2026-03-23,SWG,2026-03-18,2026-03-23,1200,29.5,21.5,12.2,6.8,7.8,6.6,1.4,1.2,5.9,7.1
2026-03-16,SWG,2026-03-11,2026-03-16,1200,29.4,21.7,12.3,6.6,8.0,6.6,1.5,1.1,5.8,7.0
2026-03-11,EMG,2026-03-10,2026-03-11,800,29.2,21.8,11.9,6.4,8.5,6.6,1.5,0.9,5.7,7.5
2026-03-09,SWG,2026-03-04,2026-03-09,1200,29.4,21.8,12.0,6.8,8.2,6.8,1.5,1.0,5.7,6.8
2026-03-04,YouTrend,2026-03-03,2026-03-04,817,28.7,22.4,12.9,6.4,8.1,6.5,1.3,0.9,6.5,6.3
2026-03-04,Eumetra,2026-03-03,2026-03-04,800,29.4,21.6,11.8,6.5,8.5,6.6,1.6,1.0,5.6,7.4
2026-03-02,SWG,2026-02-15,2026-03-02,1200,29.8,21.6,11.7,6.6,8.4,6.9,1.5,1.0,5.5,7.0
2026-03-01,BiDiMedia,2026-02-28,2026-03-01,1000,28.7,22.4,12.6,6.1,7.7,6.9,1.2,1.0,5.2,8.3
2026-02-26,Winpoll,2026-02-16,2026-02-26,1500,25.7,23.1,11.1,6.4,8.4,6.7,1.8,,6.5,10.3
2026-02-26,Ipsos,2026-02-23,2026-02-26,1000,28.0,20.7,13.4,6.1,8.4,6.8,1.8,0.8,5.2,3.6
2026-02-25,YouTrend,2026-02-24,2026-02-25,809,28.7,21.8,12.3,6.1,8.4,6.6,1.5,1.1,5.9,7.6
2026-02-23,SWG,2026-02-18,2026-02-23,1200,29.8,21.9,11.5,6.6,8.3,6.7,1.4,1.1,5.7,7.0
2026-02-23,Ixè,2026-02-17,2026-02-23,,28.9,22.9,12.7,6.2,8.8,7.6,1.5,1.0,5.0,2.7
2026-02-18,YouTrend,2026-02-17,2026-02-18,813,28.6,21.5,11.7,6.1,9.1,7.2,1.6,1.0,6.2,7.0
2026-02-18,Eumetra,2026-02-17,2026-02-18,800,29.9,22.1,11.8,6.7,8.5,6.5,1.4,1.1,5.5,6.5
2026-02-16,SWG,2026-02-11,2026-02-16,1200,29.8,22.0,11.8,6.4,8.4,6.6,1.4,1.1,5.6,6.9
2026-02-14,BiDiMedia,2026-02-11,2026-02-14,2000,28.9,22.3,12.2,6.7,8.0,7.0,1.3,0.8,5.2,7.6
2026-02-12,Termometro Politico,2026-02-11,2026-02-12,2500,29.5,22.0,12.1,7.8,8.1,6.5,1.6,1.0,5.3,5.0
2026-02-11,Eumetra,2026-02-10,2026-02-11,815,30.2,22.3,11.9,7.0,8.5,6.4,1.5,1.2,5.3,5.7
2026-02-10,EMG,2026-02-09,2026-02-10,1000,27.0,22.2,12.1,7.6,9.0,6.1,1.6,1.4,5.4,7.6
2026-02-09,YouTrend,2026-02-06,2026-02-09,815,28.9,21.2,11.8,6.2,9.5,7.0,1.9,1.0,6.2,6.3
2026-02-09,SWG,2026-02-04,2026-02-09,1200,30.1,22.2,11.7,6.6,8.4,6.4,1.5,1.2,5.3,6.6
2026-02-08,BiDiMedia,2026-02-05,2026-02-08,2000,28.5,22.5,12.1,7.4,7.9,6.9,1.2,0.7,5.1,7.7
2026-02-05,Termometro Politico,2026-02-03,2026-02-05,2900,29.8,22.0,11.9,7.7,8.3,6.4,,,2.8,3.5
2026-02-03,YouTrend,2026-02-03,2026-02-03,800,29.2,21.0,11.4,7.2,9.5,6.6,1.3,1.1,5.9,6.8
2026-02-02,SWG,2026-01-28,2026-02-02,1200,31.3,22.5,12.0,7.7,8.2,6.5,1.4,1.2,5.3,3.9
2026-01-29,Termometro Politico,2026-01-27,2026-01-29,2700,30.3,22.2,12.1,8.4,8.6,6.5,1.7,1.0,5.5,12.1
2026-01-27,EMG,2026-01-26,2026-01-27,1000,28.0,22.7,12.5,8.4,8.6,6.1,1.9,1.6,5.5,10.0
2026-01-27,Ixè,2026-01-20,2026-01-27,1000,29.1,22.6,12.2,8.0,8.4,7.2,1.8,1.0,5.6,10.6
2026-01-26,SWG,2026-01-21,2026-01-26,1200,31.2,22.6,12.1,8.0,8.2,6.6,1.3,1.1,5.0,12.5
2026-01-22,Termometro Politico,2026-01-21,2026-01-22,2600,30.0,22.1,12.3,8.4,8.5,6.7,1.7,1.1,5.6,11.5
2026-01-21,EMG,2026-01-08,2026-01-21,1000,28.2,22.5,12.6,8.2,8.6,6.0,1.7,1.6,5.7,10.6
2026-01-20,YouTrend,2026-01-19,2026-01-20,804,29.4,21.4,13.8,8.2,7.7,6.7,2.0,0.9,5.2,12.7
2026-01-19,SWG,2026-01-14,2026-01-19,1200,31.1,22.4,12.4,8.0,8.4,6.4,1.3,1.2,4.8,12.7
2026-01-16,BiDiMedia,2026-01-14,2026-01-16,1000,29.2,22.1,12.8,8.6,8.3,6.7,1.3,0.7,5.0,11.9
2026-01-15,Termometro Politico,2026-01-13,2026-01-15,2800,30.4,21.9,12.3,8.4,8.5,6.6,1.7,1.2,5.5,12.0
2026-01-13,EMG,2026-01-12,2026-01-13,1000,28.6,22.3,12.8,8.3,8.3,5.9,1.8,1.6,5.8,10.4
2026-01-12,SWG,2026-01-07,2026-01-12,1200,30.9,22.3,12.7,8.3,8.3,6.5,1.3,1.0,5.1,12.2
2026-01-07,Eumetra,2026-01-07,2026-01-07,800,30.5,21.8,13.0,8.2,8.4,6.6,1.6,1.1,5.7,11.8
2026-01-07,EMG,2025-12-31,2026-01-07,1000,28.8,22.0,13.0,8.4,8.4,5.7,1.8,1.6,6.0,11.1
2025-12-22,SWG,2025-12-17,2025-12-22,1200,31.3,22.1,12.7,8.2,8.1,6.8,1.4,1.0,5.3,3.1
2025-12-19,YouTrend,2025-12-18,2025-12-19,1201,28.3,22.8,12.7,8.1,8.3,7.4,1.7,0.9,5.3,4.5
2025-12-18,Termometro Politico,2025-12-16,2025-12-18,2600,30.4,22.1,12.0,8.7,8.6,6.5,1.6,1.1,5.4,3.6
2025-12-18,Demopolis,2025-12-16,2025-12-18,2000,30.0,22.8,12.4,8.7,8.7,6.5,,,5.4,5.5
2025-12-18,Ipsos,2025-12-15,2025-12-18,1000,28.4,21.3,13.5,8.1,8.3,6.1,1.6,1.0,5.6,6.1
2025-12-16,BiDiMedia,2025-12-15,2025-12-16,1000,29.0,22.4,12.3,8.3,8.3,7.0,1.3,0.8,5.2,5.4
2025-12-15,SWG,2025-12-10,2025-12-15,1200,31.0,22.3,12.8,8.4,8.1,6.8,1.4,1.1,5.3,2.8
2025-12-15,Piepoli,2025-12-15,2025-12-15,500,32.0,21.5,11.0,8.5,9.0,5.5,1.5,1.5,6.5,3.0
2025-12-15,Ipsos,2025-12-15,2025-12-15,500,29.3,21.1,14.0,8.4,8.6,6.3,1.7,1.0,5.8,3.8
2025-12-12,EMG Different,2025-12-01,2025-12-12,2000,28.8,21.4,13.5,8.6,9.6,5.8,1.7,,5.8,4.8
2025-12-11,Tecnè,2025-12-10,2025-12-11,1000,31.1,21.7,11.8,8.5,10.9,6.2,1.7,,5.3,2.8
2025-12-11,BiDiMedia,2025-12-09,2025-12-11,1000,29.1,22.6,12.1,8.4,8.1,7.1,1.1,0.7,5.4,5.4
2025-12-11,Termometro Politico,2025-12-09,2025-12-11,2700,30.0,22.1,12.2,8.7,8.5,6.6,1.7,1.0,5.5,2.4
2025-12-08,SWG,2025-12-03,2025-12-08,1200,31.2,22.0,13.0,8.1,7.9,6.7,1.4,1.2,5.6,2.9
2025-12-05,YouTrend,2025-12-04,2025-12-05,805,27.8,22.1,13.4,7.8,7.6,7.7,2.8,0.8,5.8,4.2
2025-12-04,Tecnè,2025-12-03,2025-12-04,1000,31.0,21.8,11.6,8.5,11.0,6.1,1.8,,5.3,2.9
2025-12-03,Eumetra,2025-12-02,2025-12-03,800,30.9,22.0,12.7,8.1,8.3,6.7,1.4,1.2,6.0,2.7
2025-12-02,Demopolis,2025-12-01,2025-12-02,2000,30.0,23.0,12.5,8.8,8.8,6.5,,,5.3,5.1
2025-12-01,SWG,2025-11-26,2025-12-01,1200,31.3,22.2,12.7,7.9,7.9,6.9,1.5,1.2,5.7,2.7
2025-11-27,Tecnè,2025-11-26,2025-11-27,1000,31.0,22.0,11.5,8.4,11.1,6.2,1.6,,5.3,2.9
2025-11-27,Termometro Politico,2025-11-26,2025-11-27,2200,30.5,21.8,12.2,8.4,8.6,6.4,1.7,1.0,5.4,2.7
2025-11-27,Ipsos,2025-11-24,2025-11-27,1000,28.0,21.6,13.5,8.9,8.6,6.3,1.6,0.9,5.5,5.1
2025-11-27,Ixè,2025-11-20,2025-11-27,1000,30.3,21.8,13.0,7.8,9.1,7.1,1.9,0.9,5.6,2.5
2025-11-26,Eumetra,2025-11-25,2025-11-26,800,31.1,22.2,12.6,7.9,8.2,6.9,1.4,1.2,5.7,2.7
2025-11-24,SWG,2025-11-19,2025-11-24,1200,31.6,22.3,12.5,7.7,7.9,7.0,1.4,1.2,5.8,2.6
2025-11-23,BiDiMedia,2025-11-21,2025-11-23,1000,29.4,22.3,12.2,8.0,8.6,6.8,1.0,1.0,5.2,5.5
2025-11-20,Termometro Politico,2025-11-18,2025-11-20,2600,30.4,22.0,12.3,8.5,8.5,6.3,1.7,1.0,5.5,2.5
2025-11-18,Piepoli,2025-11-17,2025-11-18,507,31.5,21.0,11.0,8.5,9.0,6.0,2.0,1.5,6.0,3.5
2025-11-17,SWG,2025-11-12,2025-11-17,1200,31.4,22.0,12.8,7.8,8.0,6.9,1.5,1.3,5.7,2.6
2025-11-13,Termometro Politico,2025-11-11,2025-11-13,2600,30.4,21.8,12.0,8.4,8.3,6.6,1.7,1.0,5.5,4.3
2025-11-12,Eumetra,2025-11-11,2025-11-12,800,30.7,22.1,12.9,8.1,8.7,6.7,1.5,1.1,5.8,2.4
2025-11-10,SWG,2025-11-05,2025-11-10,1200,31.3,22.2,12.8,8.0,8.1,6.7,1.5,1.1,5.5,2.8
2025-11-07,Tecnè,2025-11-07,2025-11-07,1000,31.1,21.7,11.5,8.3,11.2,6.0,1.9,1.1,5.8,2.5
2025-11-06,BiDiMedia,2025-11-06,2025-11-06,1000,29.5,22.2,12.5,8.1,8.3,6.9,1.1,0.9,5.1,4.4
2025-11-06,Tecnè,2025-11-04,2025-11-06,1000,31.1,21.7,11.5,8.3,11.2,6.0,1.6,,6.5,3.8
2025-11-06,Termometro Politico,2025-11-04,2025-11-06,2400,30.2,22.1,12.2,8.4,8.5,6.6,1.7,1.1,5.4,3.8
2025-11-05,Eumetra,2025-11-04,2025-11-05,800,30.9,21.9,12.7,8.3,8.6,6.6,1.7,1.0,5.9,2.4
2025-11-03,SWG,2025-10-29,2025-11-03,1200,31.4,21.9,12.6,8.2,8.0,6.6,1.7,1.0,5.6,2.7
2025-11-01,SWG,2025-10-26,2025-11-01,1200,31.3,22.2,12.7,7.9,7.9,6.9,1.5,1.2,5.7,2.7
2025-10-31,YouTrend,2025-10-30,2025-10-31,800,29.4,20.6,13.6,7.7,9.0,6.5,1.6,1.1,6.5,4.0
2025-10-30,Ipsos,2025-10-27,2025-10-30,1000,28.0,20.9,13.5,8.0,9.0,6.3,1.8,1.0,5.9,5.6
2025-10-29,EMG Different,2025-10-15,2025-10-29,1000,29.0,21.3,13.1,8.8,9.3,5.6,1.9,1.3,5.3,4.4
2025-10-27,SWG,2025-10-22,2025-10-27,1200,31.2,22.0,12.8,8.2,8.1,6.8,1.6,1.0,5.6,2.7
2025-10-26,BiDiMedia,2025-10-22,2025-10-26,1000,29.3,22.4,12.3,8.3,8.2,6.7,1.2,0.8,5.4,5.4
2025-10-22,Eumetra,2025-10-21,2025-10-22,800,30.7,22.0,12.9,8.5,8.3,6.6,1.8,1.0,5.4,2.9
2025-10-20,SWG,2025-10-15,2025-10-20,1200,31.0,22.1,13.2,8.5,7.9,6.6,1.8,1.0,5.2,2.7
2025-10-19,BiDiMedia,2025-10-15,2025-10-19,1000,29.0,22.2,12.5,8.3,8.4,6.8,1.2,0.8,5.2,5.6
2025-10-16,Termometro Politico,2025-10-14,2025-10-16,3000,29.8,22.0,12.1,8.6,8.6,6.4,1.8,1.1,5.5,3.6
2025-10-15,Eumetra,2025-10-14,2025-10-15,800,30.4,21.8,13.1,8.5,8.0,6.6,1.8,1.0,5.7,3.1
2025-10-14,Demopolis,2025-10-13,2025-10-14,1540,30.2,23.0,12.4,8.5,8.8,6.7,,,5.3,
2025-10-13,SWG,2025-10-08,2025-10-13,1200,30.8,21.8,13.4,8.7,7.8,6.8,1.9,,5.5,3.3
2025-10-09,Termometro Politico,2025-10-07,2025-10-09,2600,29.6,21.9,12.4,8.6,8.9,6.6,1.7,1.0,5.2,4.1
2025-10-08,Eumetra,2025-10-07,2025-10-08,800,30.4,21.9,13.3,8.6,8.2,6.6,1.9,1.0,5.7,2.4
2025-10-06,SWG,2025-10-01,2025-10-06,1200,30.8,21.9,13.6,8.8,8.0,6.8,1.8,,5.2,3.1
2025-10-05,BiDiMedia,2025-10-02,2025-10-05,1000,28.8,22.0,13.0,8.5,8.2,7.0,1.3,1.0,5.4,4.8
2025-10-02,Termometro Politico,2025-09-30,2025-10-02,2800,29.8,22.0,12.5,8.6,8.8,6.5,1.8,1.0,5.4,2.5
2025-10-01,EMG,2025-09-17,2025-10-01,1000,28.1,21.6,13.1,8.4,9.6,5.9,2.2,,5.7,1.6
2025-09-29,SWG,2025-09-24,2025-09-29,1200,30.5,22.1,13.7,9.0,8.0,6.5,1.9,,5.3,3.0
2025-09-26,Ixè,2025-09-22,2025-09-26,1000,29.2,22.0,14.1,8.2,9.3,6.1,2.4,1.1,5.3,2.3
2025-09-22,BiDiMedia,2025-09-18,2025-09-22,1000,28.4,22.3,12.7,8.5,8.4,7.0,1.4,1.0,5.2,5.1
2025-09-22,SWG,2025-09-17,2025-09-22,1200,30.2,21.9,13.5,9.0,8.0,6.7,2.0,,5.5,3.2
2025-09-18,Termometro Politico,2025-09-16,2025-09-18,2800,29.4,22.1,12.4,8.5,8.8,6.5,1.9,1.0,5.3,3.2
2025-09-18,Demos & Pi,2025-09-15,2025-09-18,1028,29.8,21.7,13.2,8.6,8.4,6.1,2.0,,5.5,4.7
2025-09-15,BiDiMedia,2025-09-10,2025-09-15,1000,28.1,22.3,12.6,8.7,8.4,6.9,1.3,0.9,5.0,5.8
2025-09-15,SWG,2025-09-10,2025-09-15,1200,30.4,21.9,13.3,8.7,8.1,6.6,2.1,1.0,5.8,2.1
2025-09-11,Termometro Politico,2025-09-09,2025-09-11,2700,29.7,22.1,12.3,8.6,8.6,6.4,1.8,1.0,5.2,2.3
2025-09-10,Eumetra,2025-09-09,2025-09-10,1200,29.6,22.0,13.5,8.4,8.2,6.8,1.8,1.0,6.2,2.5
2025-09-08,SWG,2025-09-03,2025-09-08,1200,30.0,22.2,13.6,8.6,8.3,6.8,2.0,1.0,5.7,1.8
2025-09-05,YouTrend,2025-09-03,2025-09-05,805,28.5,21.1,13.5,8.3,8.0,7.5,1.5,0.7,6.6,4.3
2025-09-01,SWG,2025-08-27,2025-09-01,1200,30.2,22.0,13.3,8.6,8.2,6.7,2.1,1.0,6.0,1.9
2025-08-25,BiDiMedia,2025-08-23,2025-08-25,1000,28.8,22.5,12.9,8.6,8.3,7.0,1.3,0.9,4.1,5.6
2025-08-07,Termometro Politico,2025-08-05,2025-08-07,2800,29.1,22.1,12.3,8.5,8.8,6.6,1.8,1.1,5.4,1.9
2025-07-31,Termometro Politico,2025-07-30,2025-07-31,2500,28.8,22.3,12.4,8.7,8.5,6.5,1.8,1.0,5.4,4.6
2025-07-31,YouTrend,2025-07-31,2025-07-31,,28.5,22.1,13.4,8.3,8.4,6.9,1.7,0.6,6.4,3.7
2025-07-31,Termometro Politico,2025-07-29,2025-07-31,2500,28.8,22.3,12.4,8.7,8.5,6.5,1.8,1.0,5.4,2.2
2025-07-30,Demopolis,2025-07-28,2025-07-30,2000,30.2,22.5,12.0,8.8,8.8,6.3,,,,3.4
2025-07-29,Winpoll,2025-07-21,2025-07-29,1500,27.9,23.6,11.0,8.7,9.1,6.3,1.3,1.5,5.4,5.2
2025-07-28,SWG,2025-07-23,2025-07-28,1200,29.9,22.4,13.4,8.4,8.1,6.7,2.1,1.0,5.9,2.1
2025-07-24,Ipsos,2025-07-21,2025-07-24,1000,28.0,21.1,14.3,8.5,8.1,5.8,2.2,1.1,4.8,2.3
2025-07-17,SWG,2025-07-15,2025-07-17,1200,29.9,22.7,13.0,8.4,7.9,6.9,2.0,1.0,5.9,2.3
2025-07-17,Termometro Politico,2025-07-15,2025-07-17,2600,29.2,22.3,12.5,8.4,8.6,6.5,1.9,1.0,5.4,4.2
2025-07-14,YouTrend,2025-07-11,2025-07-14,800,28.1,22.1,12.7,8.2,8.9,7.3,2.1,0.3,5.6,4.7
2025-07-14,SWG,2025-07-09,2025-07-14,1200,30.3,23.0,12.7,8.3,8.0,6.8,1.9,,5.7,3.3
2025-07-10,Termometro Politico,2025-07-08,2025-07-10,2800,29.2,22.2,12.2,8.6,8.8,6.4,1.8,1.0,5.3,4.5
2025-07-07,SWG,2025-07-02,2025-07-07,1200,30.1,22.8,12.6,8.2,8.1,6.8,1.9,,5.9,3.6
2025-07-03,Termometro Politico,2025-07-02,2025-07-03,2600,29.4,22.0,12.4,8.4,8.5,6.6,1.9,1.1,5.3,4.4
2025-06-30,SWG,2025-06-25,2025-06-30,1200,30.3,23.0,12.3,8.2,8.3,6.6,1.7,,5.8,4.0
2025-06-30,Winpoll,2025-06-19,2025-06-30,1500,27.6,23.9,11.3,9.0,8.8,6.6,1.0,,6.2,5.6
2025-06-26,Ixè,2025-06-20,2025-06-26,1000,28.2,21.7,13.7,8.6,8.8,6.4,2.3,0.9,5.6,3.8
2025-06-26,Ipsos,2025-06-24,2025-06-26,1000,28.2,21.4,13.3,8.8,8.4,6.0,1.7,1.0,5.0,6.2
2025-06-23,SWG,2025-06-18,2025-06-23,1200,30.6,23.0,12.4,8.2,8.1,6.5,1.5,1.0,5.7,3.0
2025-06-19,Termometro Politico,2025-06-17,2025-06-19,2900,29.7,22.3,12.0,8.3,8.9,6.3,2.0,1.2,5.1,3.1
2025-06-16,SWG,2025-06-11,2025-06-16,1200,30.4,23.3,12.3,8.1,8.3,6.7,1.5,1.0,5.7,2.7
2025-06-13,YouTrend,2025-06-12,2025-06-13,802,28.4,22.2,11.9,8.3,8.9,6.9,2.0,0.4,5.0,6.0
2025-06-12,Termometro Politico,2025-06-10,2025-06-12,3500,29.8,22.1,12.0,8.6,8.7,6.3,1.9,1.0,5.1,2.4
2025-06-11,Eumetra,2025-06-10,2025-06-11,800,30.2,23.1,12.8,8.4,8.3,6.3,1.5,1.0,5.9,2.9
2025-06-09,SWG,2025-06-04,2025-06-09,1200,30.7,23.4,12.5,7.9,8.0,6.5,1.4,1.0,5.9,2.7
2025-06-06,EMG,2025-06-06,2025-06-06,,29.0,23.3,12.1,8.2,9.3,6.5,1.6,1.4,5.3,3.3
2025-06-05,BiDiMedia,2025-06-01,2025-06-05,1000,28.9,23.1,12.5,8.9,8.3,6.4,1.4,0.9,5.0,7.2
2025-06-04,Eumetra,2025-06-03,2025-06-04,800,30.0,22.8,12.7,8.4,8.3,6.2,1.7,1.0,5.7,3.2
2025-06-03,Noto,2025-06-03,2025-06-03,,30.5,22.5,12.5,8.5,9.0,6.0,1.5,1.5,6.0,2.0
2025-06-02,SWG,2025-05-28,2025-06-02,1200,30.5,23.1,12.4,8.2,8.1,6.4,1.5,1.1,5.8,2.9
2025-05-30,EMG,2025-05-30,2025-05-30,,28.6,23.7,11.8,8.4,9.5,6.3,1.8,1.3,5.6,3.0
2025-05-29,Ipsos,2025-05-27,2025-05-29,1000,27.3,22.3,14.6,7.8,7.8,5.9,1.8,1.0,5.0,6.5
2025-05-27,Euromedia,2025-05-27,2025-05-27,,30.1,22.1,12.1,8.9,9.0,6.1,2.4,1.0,5.9,2.4
2025-05-26,SWG,2025-05-21,2025-05-26,1200,30.5,22.8,12.4,8.4,8.0,6.5,1.7,1.2,5.8,2.7
2025-05-22,Demopolis,2025-05-22,2025-05-22,,29.5,23.0,12.0,8.6,8.9,6.5,1.8,1.2,5.2,1.4
2025-05-22,Termometro Politico,2025-05-21,2025-05-22,2700,30.0,21.9,12.1,8.5,8.5,6.5,1.8,1.2,5.3,4.2
2025-05-21,Eumetra,2025-05-20,2025-05-21,800,30.2,22.1,12.5,8.6,8.5,6.4,1.8,1.0,6.2,2.7
2025-05-19,SWG,2025-05-14,2025-05-19,1200,30.3,22.5,12.4,8.4,8.3,6.7,1.6,1.0,6.0,4.5
2025-05-15,Tecnè,2025-05-14,2025-05-15,,30.0,21.4,12.1,8.2,11.2,6.1,1.6,,5.6,3.8
2025-05-15,Demos & Pi,2025-05-14,2025-05-15,1009,29.3,22.0,12.5,8.7,8.6,5.8,2.3,,6.3,4.5
2025-05-14,Eumetra,2025-05-13,2025-05-14,800,30.3,21.9,12.4,8.9,8.7,6.3,1.7,1.0,6.2,2.6
2025-05-13,Noto,2025-05-13,2025-05-13,,31.0,21.5,13.0,8.5,9.0,6.5,1.5,1.5,5.5,2.5
2025-05-12,SWG,2025-05-07,2025-05-12,1200,30.4,22.4,12.0,8.6,8.5,6.5,1.6,1.0,6.4,2.6
2025-05-08,Tecnè,2025-05-07,2025-05-08,1003,29.8,21.6,12.0,8.3,11.3,6.0,1.7,,5.4,3.9
2025-05-05,SWG,2025-04-30,2025-05-05,1200,30.1,22.5,12.2,8.6,8.4,6.4,1.7,1.0,6.3,2.8
2025-04-30,Demopolis,2025-04-30,2025-04-30,,29.0,23.0,11.6,8.9,9.0,6.4,1.7,1.6,5.1,
2025-04-30,Euromedia,2025-04-30,2025-04-30,,30.6,22.0,11.0,8.7,9.2,6.0,1.8,1.0,5.8,3.9
2025-04-30,Eumetra,2025-04-29,2025-04-30,800,30.1,21.8,12.6,9.1,8.9,6.2,1.8,1.1,6.1,2.3
2025-04-28,SWG,2025-04-23,2025-04-28,1200,30.3,22.0,12.4,8.8,8.7,6.2,1.7,1.0,6.1,2.8
2025-04-24,Tecnè,2025-04-22,2025-04-24,1000,30.0,21.7,12.0,8.3,11.5,5.8,1.7,,5.3,3.7
2025-04-24,Ipsos,2025-04-24,2025-04-24,,27.7,21.1,13.9,8.2,8.2,5.8,1.8,1.0,5.3,6.6
2025-04-23,Ixè,2025-04-17,2025-04-23,1000,28.6,21.8,13.1,8.8,9.2,6.7,2.2,1.0,5.3,3.3
2025-04-23,Eumetra,2025-04-22,2025-04-23,800,29.9,22.0,12.4,9.0,9.1,6.1,1.8,1.0,6.0,2.7
2025-04-21,SWG,2025-04-16,2025-04-21,1200,30.0,21.8,12.3,8.9,8.9,6.4,1.7,,6.3,3.7
2025-04-17,Tecnè,2025-04-16,2025-04-17,1001,29.9,22.0,11.8,8.3,11.4,5.6,1.8,,5.3,3.9
2025-04-16,Noto,2025-04-16,2025-04-16,,31.0,22.0,13.0,9.0,8.5,5.5,2.0,1.5,5.5,2.0
2025-04-14,SWG,2025-04-09,2025-04-14,1200,30.0,22.0,12.5,8.7,8.8,6.4,1.9,,6.3,3.4
2025-04-10,Tecnè,2025-04-09,2025-04-10,1000,29.7,22.1,11.6,8.4,11.5,5.8,1.8,,5.2,3.9
2025-04-09,Eumetra,2025-04-08,2025-04-09,800,29.8,22.3,12.3,9.0,9.0,6.1,1.8,1.0,5.8,2.9
2025-04-08,Euromedia,2025-04-08,2025-04-08,,29.6,22.5,12.0,9.5,9.4,6.1,1.7,1.0,6.2,2.0
2025-04-07,SWG,2025-04-02,2025-04-07,1200,30.2,22.3,12.2,8.7,8.9,6.2,1.8,,6.3,3.4
2025-04-04,Quorum,2025-04-02,2025-04-04,806,28.1,22.4,12.0,7.7,9.2,5.7,2.2,0.8,6.0,5.9
2025-04-03,Tecnè,2025-04-02,2025-04-03,,29.7,22.3,11.3,8.3,11.5,6.0,1.9,,5.0,4.0
2025-04-02,Eumetra,2025-04-01,2025-04-02,800,29.5,22.4,12.3,8.9,9.0,6.0,2.0,1.1,5.5,3.3
2025-03-31,SWG,2025-03-26,2025-03-31,1200,29.8,22.5,11.9,8.4,9.1,6.0,2.0,,6.5,2.8
2025-03-27,Termometro Politico,2025-03-26,2025-03-27,2900,29.0,22.2,11.7,8.9,8.7,6.2,2.0,1.2,5.3,4.8
2025-03-27,Ipsos,2025-03-25,2025-03-27,1000,26.6,21.5,13.8,9.0,8.4,6.3,2.0,1.0,5.0,6.4
2025-03-27,Tecnè,2025-03-26,2025-03-27,,29.7,22.3,11.5,8.2,11.5,5.9,1.8,,5.2,3.9
2025-03-27,Noto,2025-03-27,2025-03-27,,30.5,22.5,12.0,9.5,9.0,5.5,2.0,2.0,5.5,1.5
2025-03-26,Demopolis,2025-03-25,2025-03-26,2000,29.5,23.2,11.4,9.0,9.0,6.4,1.6,1.0,4.9,
2025-03-26,Winpoll,2025-03-17,2025-03-26,1600,27.4,24.6,11.0,8.5,8.3,7.0,2.0,,5.7,5.5
2025-03-26,YouTrend,2025-03-13,2025-03-26,1000,28.2,23.1,11.6,8.5,9.0,6.0,2.2,0.9,4.9,5.6
2025-03-25,Piepoli,2025-03-24,2025-03-25,500,30.0,22.0,12.5,8.0,9.0,6.5,2.0,1.0,5.5,1.5
2025-03-24,SWG,2025-03-19,2025-03-24,1200,29.7,22.4,12.2,8.4,9.3,6.2,1.8,1.0,6.0,3.0
2025-03-23,Lab2101,2025-03-23,2025-03-23,1000,30.0,21.1,11.2,8.7,8.4,5.5,2.5,1.5,6.2,4.2
2025-03-22,Tecnè,2025-03-22,2025-03-22,1000,29.7,22.5,11.3,8.0,11.4,6.1,1.9,,5.2,3.9
2025-03-20,Termometro Politico,2025-03-19,2025-03-20,3100,29.1,22.1,11.9,8.7,8.7,6.4,1.9,1.3,5.3,4.6
2025-03-19,Piepoli,2025-03-17,2025-03-19,500,29.5,22.5,12.5,8.0,9.0,6.5,2.0,1.0,5.5,1.5
2025-03-18,Euromedia,2025-03-18,2025-03-18,1000,30.0,23.4,11.9,9.3,9.1,5.8,1.8,0.9,5.3,4.2
2025-03-17,SWG,2025-03-12,2025-03-17,1200,30.0,22.7,12.2,8.0,9.1,6.3,1.9,1.1,5.7,3.0
2025-03-15,Lab2101,2025-03-15,2025-03-15,1000,30.1,21.3,11.1,8.6,8.3,5.6,2.4,1.6,6.4,3.9
2025-03-13,Termometro Politico,2025-03-12,2025-03-13,3000,29.1,22.1,11.7,8.6,8.8,6.2,1.9,1.3,5.3,5.0
2025-03-13,Tecnè,2025-03-12,2025-03-13,1000,29.9,22.2,11.4,8.0,11.5,6.2,2.0,,5.0,3.8
2025-03-11,Noto,2025-03-11,2025-03-11,1000,30.5,23.0,11.5,9.0,8.5,6.0,2.0,2.0,5.5,2.0
2025-03-10,SWG,2025-03-05,2025-03-10,1200,30.2,22.4,12.4,8.0,9.2,6.3,2.0,1.0,5.9,2.6
2025-03-08,Lab2101,2025-03-08,2025-03-08,1000,30.2,21.2,10.9,8.6,8.2,5.5,2.3,1.6,6.5,4.3
2025-03-07,Quorum,2025-03-06,2025-03-07,804,28.2,23.1,11.6,8.5,9.0,6.0,2.2,0.9,4.9,5.6
2025-03-06,Euromedia,2025-03-06,2025-03-06,1000,29.8,23.0,11.8,8.7,9.1,5.5,2.1,0.9,5.3,10.6
2025-03-06,Tecnè,2025-03-05,2025-03-06,1000,29.8,22.4,11.3,8.1,11.3,6.1,2.0,,5.1,12.8
2025-03-06,Termometro Politico,2025-03-05,2025-03-06,2900,29.3,22.3,11.5,8.8,8.7,6.2,1.9,1.2,5.4,11.7
2025-03-05,Eumetra,2025-03-04,2025-03-05,800,29.6,22.8,12.0,8.4,9.4,6.3,2.0,1.2,5.6,9.5
2025-03-03,SWG,2025-02-26,2025-03-03,1200,30.0,22.5,12.0,8.3,9.4,6.5,1.8,1.0,6.0,10.0
2025-02-28,EMG,2025-02-28,2025-02-28,,30.3,23.6,11.6,8.6,9.1,6.2,1.8,1.3,4.9,9.3
2025-02-27,Ipsos,2025-02-25,2025-02-27,1000,27.0,22.6,13.2,8.1,8.2,6.0,2.2,1.2,4.6,11.3
2025-02-27,Termometro Politico,2025-02-26,2025-02-27,3000,29.3,22.4,11.6,8.6,8.6,6.1,1.9,1.2,5.4,11.8
2025-02-27,Tecnè,2025-02-26,2025-02-27,1001,29.8,22.3,11.3,8.2,11.3,6.0,1.9,,5.4,11.4
2025-02-27,Ixè,2025-02-21,2025-02-27,1000,30.4,21.9,12.3,8.2,8.6,7.6,2.4,1.0,5.2,10.9
2025-02-26,Eumetra,2025-02-25,2025-02-26,800,30.1,22.9,11.8,8.3,9.3,6.3,1.9,1.1,5.7,9.8
2025-02-26,Winpoll,2025-02-17,2025-02-26,1500,27.6,24.4,10.7,8.4,8.3,7.1,1.6,,5.4,9.7
2025-02-25,Piepoli,2025-02-24,2025-02-25,500,29.5,23.0,12.0,9.0,9.0,6.5,2.0,1.0,6.0,9.5
2025-02-25,Noto,2025-02-25,2025-02-25,,30.5,23.5,12.5,8.5,8.0,5.5,1.5,2.0,5.0,10.0
2025-02-24,SWG,2025-02-19,2025-02-24,1200,30.2,22.2,12.2,8.0,9.2,6.5,1.9,1.1,6.0,10.7
2025-02-20,Tecnè,2025-02-19,2025-02-20,1000,29.6,22.5,11.2,8.3,11.4,5.9,2.0,,5.2,11.0
2025-02-20,Termometro Politico,2025-02-18,2025-02-20,2800,29.5,22.3,11.4,8.6,8.7,6.3,2.0,1.2,5.2,12.0
2025-02-20,BiDiMedia,2025-02-17,2025-02-20,1200,28.9,23.8,11.1,8.2,8.8,6.4,1.7,0.9,4.9,10.4
2025-02-19,EMG,2025-02-18,2025-02-19,1185,30.0,23.8,11.4,8.7,9.2,5.9,1.9,1.3,4.9,9.2
2025-02-19,Eumetra,2025-02-18,2025-02-19,800,29.9,22.9,11.5,8.6,9.2,6.2,2.1,0.9,5.8,9.9
2025-02-17,SWG,2025-02-12,2025-02-17,1200,29.8,22.0,11.9,8.2,9.3,6.6,2.1,1.0,6.1,10.8
2025-02-16,Euromedia Research,2025-02-14,2025-02-16,1000,30.5,23.5,11.5,8.7,9.3,5.7,1.8,0.7,5.8,9.5
2025-02-14,Tecnè,2025-02-13,2025-02-14,1002,29.5,22.7,11.0,8.4,11.3,6.0,1.9,,5.2,10.8
2025-02-14,Lab2101,2025-02-12,2025-02-14,1000,30.4,21.6,10.7,8.6,8.4,5.5,2.1,0.6,6.2,14.7
2025-02-14,Demos & Pi,2025-02-10,2025-02-14,1004,29.5,22.8,11.4,8.7,9.0,6.2,2.2,,5.9,11.0
2025-02-13,Termometro Politico,2025-02-12,2025-02-13,2700,29.7,22.4,11.3,8.6,8.6,6.5,2.0,1.2,5.2,11.8
2025-02-13,EMG,2025-02-12,2025-02-13,1121,30.2,23.6,11.6,8.9,8.9,5.8,2.0,1.3,4.9,9.4
2025-02-12,Piepoli,2025-02-09,2025-02-12,500,30.0,23.5,11.5,8.5,9.0,6.0,1.0,1.5,5.0,10.5
2025-02-10,SWG,2025-02-05,2025-02-10,1200,29.5,22.3,11.8,8.5,9.2,6.7,1.9,1.1,6.0,10.2
2025-02-07,Tecnè,2025-02-06,2025-02-07,1000,29.7,22.9,10.8,8.5,11.4,5.8,2.0,,5.0,10.7
2025-02-07,Quorum,2025-02-06,2025-02-07,804,29.2,22.8,11.4,8.0,8.8,6.4,2.4,0.7,5.2,11.5
2025-02-05,Eumetra,2025-02-04,2025-02-05,800,29.5,23.2,11.4,8.6,9.1,6.0,1.9,1.0,5.2,10.4
2025-02-05,EMG,2025-02-04,2025-02-05,1135,30.6,24.0,11.3,8.9,8.6,6.0,1.8,1.4,4.9,9.1
2025-02-03,Noto Sondaggi,2025-02-02,2025-02-03,1000,30.5,24.0,11.5,8.5,8.5,5.5,1.5,2.0,5.0,9.5
2025-02-03,SWG,2025-01-29,2025-02-03,1200,29.5,22.6,11.8,8.3,9.1,6.5,2.1,1.2,6.0,9.8
2025-01-31,Lab2101,2025-01-29,2025-01-31,1000,30.8,21.4,10.7,8.7,8.4,5.8,2.4,0.6,6.1,14.5
2025-01-30,Ipsos,2025-01-28,2025-01-30,1000,27.8,22.8,12.5,8.5,8.5,5.8,2.0,1.0,4.5,11.6
2025-01-29,Eumetra,2025-01-28,2025-01-29,800,29.6,23.0,11.3,8.5,9.3,6.2,1.9,1.2,5.5,10.1
2025-01-28,Demopolis,2025-01-27,2025-01-28,2000,30.0,24.0,11.2,8.7,9.3,6.5,1.6,,4.7,10.0
2025-01-27,SWG,2025-01-22,2025-01-27,1200,29.7,22.8,11.4,8.4,9.1,6.5,2.0,1.3,6.0,9.9
2025-01-24,Tecnè,2025-01-23,2025-01-24,1001,29.5,23.0,10.6,8.5,11.3,6.1,2.0,,5.0,10.5
2025-01-22,EMG,2025-01-21,2025-01-22,1013,30.7,24.1,11.1,9.0,8.4,6.1,1.7,1.4,4.7,9.4
2025-01-15,EMG,2025-01-14,2025-01-15,1165,30.4,23.9,10.8,8.9,8.6,6.3,1.7,1.3,4.7,9.9
2025-01-13,SWG,2025-01-08,2025-01-13,1200,29.8,22.2,11.6,8.3,9.1,6.6,2.0,1.0,6.0,11.0
2025-01-10,Tecnè,2025-01-09,2025-01-10,1000,29.8,23.3,10.4,8.8,11.5,6.1,1.8,,4.6,10.2
2025-01-10,Quorum,2025-01-09,2025-01-10,1203,28.3,23.3,11.5,8.2,9.3,6.3,2.0,1.0,4.9,10.2
2025-01-09,Termometro Politico,2025-01-08,2025-01-09,2600,29.4,23.1,11.0,8.6,8.2,6.5,1.8,1.2,4.9,11.7
2025-01-08,Eumetra,2025-01-07,2025-01-08,800,28.6,23.0,11.5,8.8,9.4,6.3,2.2,1.0,5.0,9.8
2025-01-06,SWG,2025-01-02,2025-01-06,1200,29.1,22.5,11.4,8.6,9.4,6.5,2.1,1.1,5.8,10.1
2024-12-23,SWG,2024-12-18,2024-12-23,1200,29.1,22.2,11.5,8.8,9.1,6.7,1.9,1.2,5.9,3.6
2024-12-20,Tecnè,2024-12-19,2024-12-20,998,28.6,23.7,10.7,8.8,11.4,6.2,1.8,,4.9,3.9
2024-12-20,Ipsos,2024-12-18,2024-12-20,1000,27.6,22.5,13.3,8.6,8.1,6.0,2.3,1.0,4.0,6.6
2024-12-20,Winpoll,2024-12-12,2024-12-20,1500,28.2,25.6,10.8,9.3,7.3,7.6,2.4,,5.1,3.7
2024-12-19,Termometro Politico,2024-12-18,2024-12-19,2800,29.6,22.7,10.6,8.8,8.4,6.7,1.8,1.1,5.1,4.8
2024-12-16,SWG,2024-12-11,2024-12-16,1200,29.3,22.2,11.2,8.4,9.4,6.9,2.0,1.1,5.6,3.9
2024-12-13,Demopolis,2024-12-12,2024-12-13,2000,29.5,24.0,11.8,8.7,9.0,6.4,,,4.4,
2024-12-13,Tecnè,2024-12-12,2024-12-13,1000,28.7,23.8,10.9,8.6,11.4,6.1,1.9,,4.7,3.9
2024-12-12,Termometro Politico,2024-12-11,2024-12-12,2800,29.5,23.0,10.9,9.0,8.2,6.6,1.8,1.1,5.1,4.8
2024-12-11,Eumetra,2024-12-10,2024-12-11,800,28.8,23.2,11.3,8.6,9.1,6.4,1.9,1.1,5.2,4.4
2024-12-11,Ixè,2024-12-06,2024-12-11,1000,27.1,23.1,12.1,9.4,9.8,6.8,2.3,,4.6,4.8
2024-12-09,SWG,2024-12-04,2024-12-09,1,28.8,22.4,11.5,8.7,9.2,6.9,2.0,1.2,5.6,3.7
2024-12-06,Quorum,2024-12-05,2024-12-06,1202,27.5,24.2,11.6,8.6,7.8,6.0,2.0,1.1,5.6,5.6
2024-12-06,Tecnè,2024-12-05,2024-12-06,1002,28.9,23.6,10.8,8.5,11.3,6.2,2.0,,4.7,4.0
2024-12-05,BiDiMedia,2024-12-03,2024-12-05,1000,28.4,24.6,11.0,8.6,9.0,6.5,1.4,0.7,4.4,5.4
2024-12-05,Termometro Politico,2024-12-04,2024-12-05,2900,29.5,22.8,10.6,8.8,8.4,6.7,1.8,1.0,5.3,5.1
2024-12-04,Eumetra,2024-12-03,2024-12-04,800,28.9,23.0,11.7,8.8,8.8,6.4,2.1,1.2,4.7,4.4
2024-12-02,SWG,2024-11-27,2024-12-02,1200,29.1,22.4,11.7,8.9,9.0,6.7,2.0,1.3,5.4,3.5
2024-11-29,Tecnè,2024-11-28,2024-11-29,1000,29.1,23.4,10.7,8.6,11.4,6.1,2.1,,4.7,3.9
2024-11-28,Termometro Politico,2024-11-27,2024-11-28,3100,29.3,23.0,10.6,8.6,8.5,6.6,1.8,1.2,5.3,5.2
2024-11-28,Winpoll,2024-11-21,2024-11-28,1500,27.8,26.1,10.4,8.7,9.4,6.5,1.4,,4.2,5.5
2024-11-28,Ipsos,2024-11-28,2024-11-28,1000,27.7,22.6,13.0,8.7,8.0,6.2,2.2,1.2,4.2,6.2
2024-11-25,Euromedia,2024-11-25,2024-11-25,1000,29.5,24.2,11.5,9.0,8.9,5.5,2.6,0.4,4.7,3.7
2024-11-25,SWG,2024-11-20,2024-11-25,1200,29.4,22.6,11.2,8.7,8.9,6.8,1.9,1.1,5.3,4.1
2024-11-22,Tecnè,2024-11-21,2024-11-22,1000,29.3,23.1,10.6,8.6,11.3,6.3,2.0,,4.7,4.1
2024-11-21,Termometro Politico,2024-11-20,2024-11-21,3100,29.3,22.9,10.5,8.8,8.4,6.7,1.7,1.2,5.3,5.4
2024-11-19,SWG,2024-11-13,2024-11-19,1200,29.6,22.1,11.2,9.0,8.9,6.9,2.0,1.0,5.0,4.1
2024-11-15,Tecnè,2024-11-14,2024-11-15,1001,29.5,22.9,10.6,8.7,11.3,6.2,1.9,,4.9,4.0
2024-11-15,Quorum,2024-11-13,2024-11-15,1202,28.3,23.2,11.9,9.0,8.7,6.1,1.9,,5.1,5.8
2024-11-14,Termometro Politico,2024-11-13,2024-11-14,3100,29.6,22.8,10.2,8.7,8.6,6.7,1.7,1.2,5.1,5.4
2024-11-12,Demopolis,2024-11-11,2024-11-12,2000,29.2,23.5,11.4,8.7,9.2,6.3,1.6,,4.3,1.5
2024-11-11,SWG,2024-11-06,2024-11-11,1200,29.8,22.1,11.3,8.9,8.9,6.7,2.1,1.2,4.9,4.1
2024-11-08,Tecnè,2024-11-07,2024-11-08,1000,29.5,22.8,10.7,8.6,11.3,6.1,2.0,,4.9,4.1
2024-11-07,Termometro Politico,2024-11-06,2024-11-07,3200,29.7,22.7,10.0,8.8,8.4,6.7,1.8,1.2,5.3,5.4
2024-11-04,Quorum,2024-11-01,2024-11-04,1204,28.8,22.7,11.9,8.9,9.1,6.3,2.2,,4.6,5.5
2024-11-04,SWG,2024-10-29,2024-11-04,1200,29.4,22.3,11.6,8.8,8.9,6.5,2.0,1.1,5.0,4.4
2024-10-31,Termometro Politico,2024-10-30,2024-10-31,3000,29.5,22.9,10.3,8.6,8.5,6.7,1.6,1.1,5.3,5.5
2024-10-31,Tecnè,2024-10-30,2024-10-31,1001,29.6,23.1,10.6,8.4,11.3,6.2,1.9,,4.9,4.0
2024-10-28,SWG,2024-10-23,2024-10-28,1200,29.7,22.5,11.6,8.6,8.8,6.7,1.9,1.2,4.6,4.4
2024-10-26,Tecnè,2024-10-25,2024-10-26,1004,29.6,23.3,10.5,8.2,11.2,6.4,1.8,,4.9,4.1
2024-10-24,Termometro Politico,2024-10-23,2024-10-24,3000,29.2,23.0,10.2,8.8,8.6,6.9,1.7,1.1,5.2,5.3
2024-10-23,Eumetra,2024-10-22,2024-10-23,800,29.7,22.9,11.3,8.7,9.2,6.6,1.9,1.0,4.7,4.0
2024-10-18,Tecnè,2024-10-17,2024-10-18,1000,29.6,23.4,10.4,8.1,11.2,6.5,1.7,,5.0,4.1
2024-10-17,Termometro Politico,2024-10-16,2024-10-17,3000,29.4,22.9,10.3,8.7,8.6,6.8,1.6,1.0,5.2,5.5
2024-10-16,Eumetra,2024-10-15,2024-10-16,800,29.6,22.8,11.3,8.6,9.1,6.6,1.8,1.1,4.9,4.2
2024-10-14,Euromedia,2024-10-14,2024-10-14,1000,30.0,23.2,11.6,8.8,9.0,5.2,1.7,0.5,5.4,4.6
2024-10-14,SWG,2024-10-09,2024-10-14,1200,29.3,22.3,11.7,8.6,9.0,6.8,1.8,1.1,5.0,4.4
2024-10-11,Tecnè,2024-10-10,2024-10-11,1000,29.5,23.6,10.2,8.1,11.2,6.6,1.8,,4.8,4.2
2024-10-10,Termometro Politico,2024-10-09,2024-10-10,2800,29.1,23.1,10.2,8.3,9.0,6.7,1.6,1.2,5.0,5.7
2024-10-09,EMG,2024-10-08,2024-10-09,1523,29.3,22.2,12.0,8.2,8.5,7.1,2.1,1.2,5.3,4.1
2024-10-09,Eumetra,2024-10-08,2024-10-09,800,29.5,23.1,11.0,8.6,8.9,6.5,1.8,1.0,5.0,4.6
2024-10-07,SWG,2024-10-02,2024-10-07,1200,29.5,22.7,11.4,8.5,8.7,6.9,1.9,1.1,5.0,4.3
2024-10-04,Tecnè,2024-10-03,2024-10-04,1000,29.4,23.7,10.5,8.0,11.1,6.5,1.7,,5.0,4.1
2024-10-03,Termometro Politico,2024-10-02,2024-10-03,3200,29.2,22.8,10.2,8.5,8.8,6.7,1.8,1.0,5.2,5.8
2024-10-02,Eumetra,2024-10-01,2024-10-02,800,29.9,23.0,11.2,8.7,8.8,6.2,1.6,0.9,5.6,4.3
2024-09-30,SWG,2024-09-25,2024-09-30,1200,29.8,22.4,11.8,8.4,8.3,7.1,1.7,1.0,5.5,4.0
2024-09-27,Tecnè,2024-09-26,2024-09-27,1000,29.3,23.8,10.7,8.2,11.0,6.6,1.6,,4.8,4.0
2024-09-26,Termometro Politico,2024-09-25,2024-09-26,3200,29.4,22.9,10.3,8.8,9.6,6.8,1.6,,5.1,5.5
2024-09-25,Euromedia,2024-09-25,2024-09-25,800,30.3,23.5,10.5,9.2,9.0,5.0,1.5,0.8,5.8,4.9
2024-09-25,Eumetra,2024-09-24,2024-09-25,800,29.7,22.9,11.7,8.4,9.1,6.6,1.6,1.0,5.5,3.5
2024-09-23,SWG,2024-09-18,2024-09-23,1200,30.1,22.6,11.7,8.2,8.5,7.1,1.5,1.0,5.8,3.5
2024-09-20,Tecnè,2024-09-19,2024-09-20,1000,29.2,23.6,10.9,8.2,11.0,6.5,1.7,,4.8,4.1
2024-09-19,Noto,2024-09-19,2024-09-19,,30.0,22.0,12.5,8.5,9.0,7.0,2.0,,5.5,2.0
2024-09-19,Termometro Politico,2024-09-18,2024-09-19,3000,29.1,23.2,9.9,9.0,9.3,7.0,1.7,,5.0,5.8
2024-09-18,Eumetra,2024-09-17,2024-09-18,803,30.0,23.0,11.8,8.5,9.1,6.5,1.8,0.8,5.4,3.1
2024-09-16,SWG,2024-09-11,2024-09-16,1200,30.3,22.8,11.7,8.1,8.4,7.0,1.7,,5.6,4.4
2024-09-13,Tecnè,2024-09-12,2024-09-13,,29.0,23.6,10.7,8.3,10.9,6.7,1.8,,4.8,4.2
2024-09-12,Termometro Politico,2024-09-11,2024-09-12,3100,29.2,23.5,10.0,8.7,9.5,6.8,1.7,,5.0,5.6
2024-09-12,Ipsos,2024-09-10,2024-09-12,1000,27.5,21.6,13.9,8.2,9.0,6.0,2.0,,5.0,6.8
2024-09-11,Eumetra,2024-09-10,2024-09-11,800,30.1,23.1,11.2,8.3,9.5,6.7,1.8,,5.3,4.0
2024-09-11,Piepoli,2024-09-09,2024-09-11,500,28.5,22.5,11.5,8.5,8.5,6.0,2.0,1.0,5.0,6.5
2024-09-11,Ixè,2024-09-09,2024-09-11,1000,28.0,23.2,11.9,9.4,9.9,7.8,1.2,,5.1,3.5
2024-09-10,Euromedia,2024-09-10,2024-09-10,1000,29.7,23.9,10.3,8.9,8.8,5.4,1.8,0.6,5.8,4.8
2024-09-09,SWG,2024-09-04,2024-09-09,1200,30.2,22.5,11.5,8.3,8.5,7.2,1.7,,5.8,4.3
2024-09-07,BiDiMedia,2024-09-05,2024-09-07,1000,29.0,23.5,10.9,9.0,8.6,6.7,1.6,0.7,5.0,5.0
2024-09-06,Tecnè,2024-09-05,2024-09-06,,28.9,23.8,10.5,8.2,10.7,6.5,2.0,,4.9,4.5
2024-09-02,SWG,2024-08-28,2024-09-02,1200,30.3,22.3,11.6,8.5,8.4,6.9,1.9,,5.5,4.6
2024-08-30,Tecnè,2024-08-29,2024-08-30,,29.1,24.0,10.8,8.3,10.8,6.2,1.6,,4.8,4.1
2024-08-29,Quorum,2024-08-28,2024-08-29,1205,28.6,23.3,11.1,7.9,9.2,7.0,2.3,,5.5,5.1
2024-08-29,Termometro Politico,2024-08-28,2024-08-29,2900,29.5,23.8,9.9,8.6,9.1,7.0,1.6,,5.2,5.3
2024-08-22,Termometro Politico,2024-08-21,2024-08-22,3200,29.3,23.7,10.1,8.5,9.0,7.0,1.7,,5.3,5.4
2024-08-16,Lab2101,2024-08-05,2024-08-16,1000,28.9,23.0,11.0,9.3,9.0,5.4,2.0,0.7,6.0,4.7
2024-08-03,Lab2101,2024-08-03,2024-08-03,1000,28.7,23.2,10.9,9.2,9.1,5.5,2.1,0.9,5.9,4.5
2024-07-29,SWG,2024-07-24,2024-07-29,1200,29.8,22.7,11.4,8.3,8.3,6.7,2.0,,5.6,5.2
2024-07-26,Tecnè,2024-07-25,2024-07-26,1001,28.9,24.6,9.8,8.5,10.3,6.7,2.0,,4.9,4.1
2024-07-25,Euromedia,2024-07-25,2024-07-25,,28.7,23.5,10.4,9.2,9.0,5.6,1.5,0.9,5.8,5.4
2024-07-25,Termometro Politico,2024-07-24,2024-07-25,3000,29.6,24.0,9.7,8.3,9.4,6.9,1.7,,5.1,5.3
2024-07-25,Ipsos,2024-07-23,2024-07-25,1000,27.9,22.6,13.0,8.0,8.7,6.4,,0.8,5.3,7.3
2024-07-24,Piepoli,2024-07-22,2024-07-24,500,28.5,22.5,11.0,8.0,8.5,6.5,2.5,1.0,6.0,5.5
2024-07-22,SWG,2024-07-17,2024-07-22,1200,30.0,22.8,11.1,8.5,8.3,6.9,1.8,,5.8,4.8
2024-07-21,Lab2101,2024-07-21,2024-07-21,1000,28.2,23.5,10.5,9.1,9.3,5.3,2.2,0.7,5.9,5.3
2024-07-19,Tecnè,2024-07-18,2024-07-19,1001,28.7,24.6,9.8,8.4,10.2,6.9,2.0,,5.2,4.2
2024-07-18,Quorum,2024-07-17,2024-07-18,1202,28.5,23.8,10.5,8.6,9.3,6.4,2.1,,4.8,6.0
2024-07-18,Termometro Politico,2024-07-16,2024-07-18,3000,29.2,24.0,9.9,8.5,9.6,7.1,1.6,,5.0,5.1
2024-07-15,SWG,2024-07-10,2024-07-15,1200,29.6,23.0,10.8,8.4,8.7,7.0,1.8,1.0,5.7,4.0
2024-07-12,Tecnè,2024-07-11,2024-07-12,1005,28.7,24.5,9.7,8.5,10.0,6.8,2.2,,5.0,4.6
2024-07-11,Termometro Politico,2024-07-09,2024-07-11,3000,29.1,24.3,9.6,8.8,9.5,6.9,1.6,,5.2,5.0
2024-07-08,SWG,2024-07-03,2024-07-08,1200,29.2,23.3,10.6,8.4,8.5,7.0,1.9,1.1,5.5,4.5
2024-07-05,Tecnè,2024-07-04,2024-07-05,1000,28.7,24.6,9.6,8.7,10.0,6.7,2.0,,5.1,4.6
2024-07-04,Termometro Politico,2024-07-03,2024-07-04,3300,29.3,24.2,9.5,8.9,9.6,7.1,1.5,,5.2,4.7
2024-07-01,SWG,2024-06-26,2024-07-01,1200,29.0,23.6,10.3,8.7,8.5,7.0,2.0,1.0,5.4,4.5
2024-06-28,Tecnè,2024-06-27,2024-06-28,1000,28.8,24.5,9.6,8.8,9.8,6.8,2.1,,5.1,4.5
2024-06-27,Termometro Politico,2024-06-26,2024-06-27,3200,29.6,24.2,9.4,8.7,9.6,7.2,1.5,,5.1,4.7
2024-06-27,Quorum,2024-06-25,2024-06-27,805,29.2,24.0,9.6,8.1,9.0,6.8,2.0,,5.8,5.5
2024-06-27,Ipsos,2024-06-25,2024-06-27,1000,28.1,22.8,12.5,8.8,8.5,6.2,1.5,,5.0,6.6
2024-06-26,Euromedia,2024-06-26,2024-06-26,1000,29.0,24.0,9.7,9.0,9.2,6.6,1.6,0.5,6.5,3.9
2024-06-25,Demopolis,2024-06-24,2024-06-25,2000,29.0,25.0,10.2,8.7,9.3,6.5,,,5.2,6.1
2024-06-24,SWG,2024-06-19,2024-06-24,1200,29.0,23.5,10.0,8.8,8.7,7.1,2.2,1.0,5.1,4.6
2024-06-21,Tecnè,2024-06-20,2024-06-21,1000,29.0,24.3,9.7,8.9,9.8,6.9,2.0,,5.1,2.1
2024-06-17,SWG,2024-06-12,2024-06-17,1200,28.6,23.8,9.7,8.8,9.0,6.9,2.1,1.0,5.4,4.7
2024-06-13,Termometro Politico,2024-06-12,2024-06-13,3500,29.4,24.4,9.6,8.6,9.8,7.1,1.6,,5.2,4.3
2024-05-23,Ixè,2024-05-20,2024-05-23,1000,26.3,20.9,15.5,8.3,8.8,4.1,,,4.0,12.1
2024-05-23,EMG,2024-05-19,2024-05-23,2000,26.9,20.9,15.7,9.3,7.9,4.2,,,3.7,11.6
2024-05-23,Termometro Politico,2024-05-22,2024-05-23,3900,26.8,19.6,15.7,9.0,8.5,4.0,,,3.9,12.5
2024-05-23,BiDiMedia,2024-05-22,2024-05-23,810,26.8,21.4,15.0,9.4,8.4,4.5,,,3.9,10.6
2024-05-23,Demopolis,2024-05-22,2024-05-23,,27.0,22.0,14.5,8.8,8.7,4.3,,,3.7,11.0
2024-05-22,Eumetra,2024-05-21,2024-05-22,800,27.1,21.0,16.2,8.7,8.9,4.2,,,3.8,10.1
2024-05-22,Quorum,2024-05-21,2024-05-22,1604,27.2,20.3,15.9,9.0,8.5,4.9,,,3.9,10.3
2024-05-21,Ipsos,2024-05-21,2024-05-21,1000,26.5,22.5,15.4,8.6,9.2,4.6,,,4.6,9.3
2024-05-21,Cluster17,2024-05-19,2024-05-21,1051,26.9,20.8,15.5,8.7,8.2,4.3,,,3.7,11.9
2024-05-20,BiDiMedia,2024-05-19,2024-05-20,1190,27.1,21.2,15.2,9.1,8.3,4.4,,,4.0,10.7
2024-05-20,Tecnè,2024-05-19,2024-05-20,,26.8,20.8,16.0,8.1,9.9,4.2,,,4.0,10.2
2024-05-20,SWG,2024-05-15,2024-05-20,1200,27.0,21.0,15.7,8.3,8.4,4.6,,,4.2,10.8
2024-05-19,Lab2101,2024-05-19,2024-05-19,,27.7,19.5,15.9,9.3,7.8,4.4,,,4.0,11.4
2024-05-18,Tecnè,2024-05-18,2024-05-18,,27.2,20.6,15.7,8.0,9.9,4.2,,,4.0,10.4
2024-05-16,Ipsos,2024-05-16,2024-05-16,,26.4,22.3,16.3,8.6,9.5,4.6,,,3.3,9.0
2024-05-16,Termometro Politico,2024-05-15,2024-05-16,4300,27.2,19.6,15.9,8.8,8.4,3.8,,,3.9,12.4
2024-05-15,Euromedia,2024-05-15,2024-05-15,800,27.0,20.3,16.7,9.2,8.5,4.2,,,4.0,10.1
2024-05-14,BiDiMedia,2024-05-14,2024-05-14,1000,27.4,21.0,15.5,8.6,8.2,4.3,,,4.0,11.0
2024-05-13,SWG,2024-05-08,2024-05-13,1200,26.8,20.5,16.2,8.6,8.3,4.4,,,4.4,10.8
2024-05-12,Quorum,2024-05-12,2024-05-12,,26.8,20.7,16.1,8.3,8.0,4.4,,,4.0,11.7
2024-05-11,Tecnè,2024-05-11,2024-05-11,,27.4,20.5,15.7,7.9,10.1,4.1,,,3.9,10.4
2024-05-09,Termometro Politico,2024-05-08,2024-05-09,3900,27.0,19.6,16.2,8.8,8.6,3.9,,,3.8,12.1
2024-05-08,Eumetra,2024-05-07,2024-05-08,800,27.6,20.5,16.5,8.6,8.7,4.2,,,4.0,9.9
2024-05-07,Demopolis,2024-05-06,2024-05-07,2000,27.2,20.7,15.0,8.5,8.6,4.3,,,3.7,11.6
2024-05-06,SWG,2024-04-30,2024-05-06,1200,26.6,20.6,16.1,8.8,8.5,4.6,,,4.5,10.3
2024-05-05,BiDiMedia,2024-05-04,2024-05-05,1000,27.7,20.8,15.7,8.8,8.1,4.3,,,4.0,10.6
2024-05-03,Quorum,2024-05-02,2024-05-03,800,27.3,20.5,16.0,8.3,8.3,4.4,,,3.8,11.4
2024-05-03,Tecnè,2024-05-01,2024-05-03,4600,27.3,20.3,15.9,7.8,10.2,4.0,,,3.8,8.2
2024-05-02,Euromedia,2024-05-01,2024-05-02,4600,27.5,20.5,17.0,8.4,8.8,3.8,,,3.7,10.3
2024-05-02,Termometro Politico,2024-05-01,2024-05-02,4600,27.3,19.8,15.9,8.6,8.4,3.6,,,4.0,12.4
2024-04-30,Eumetra,2024-04-30,2024-04-30,,27.6,20.3,16.0,8.4,8.6,4.2,,,4.0,10.9
2024-04-29,SWG,2024-04-24,2024-04-29,1200,26.6,20.3,15.6,8.6,8.4,4.5,,,4.2,11.8
2024-04-26,Tecnè,2024-04-24,2024-04-26,1002,27.5,20.0,16.0,7.7,10.2,3.9,,,3.8,10.9
2024-04-25,Termometro Politico,2024-04-23,2024-04-25,3800,27.6,19.6,16.0,8.4,8.5,3.5,,,3.9,12.5
2024-04-24,Eumetra,2024-04-24,2024-04-24,,27.9,20.1,16.2,8.3,8.4,4.0,,,3.9,11.2
2024-04-24,Euromedia,2024-04-24,2024-04-24,800,27.2,20.3,16.8,8.5,8.7,4.0,,,3.8,10.7
2024-04-22,SWG,2024-04-17,2024-04-22,1200,26.8,20.0,15.9,8.5,8.4,4.3,,,4.1,12.0
2024-04-22,Quorum,2024-04-22,2024-04-22,,27.8,20.5,16.5,7.2,7.6,4.4,,,3.3,8.5
2024-04-21,EMG,2024-04-18,2024-04-21,,26.8,20.8,16.2,8.4,8.7,3.7,,,3.7,11.7
2024-04-18,Demos,2024-04-17,2024-04-18,1005,28.0,20.2,16.4,8.5,8.0,4.2,,,4.0,10.7
2024-04-18,Termometro Politico,2024-04-16,2024-04-18,4100,27.5,19.7,16.1,8.5,8.3,3.2,,,3.8,12.9
2024-04-17,Eumetra,2024-04-16,2024-04-17,,27.4,19.7,16.4,8.5,8.3,3.8,,,3.8,12.2
2024-04-15,SWG,2024-04-10,2024-04-15,1200,27.2,19.4,16.0,8.6,8.4,4.1,,,4.2,12.1
2024-04-13,Tecnè,2024-04-13,2024-04-13,,27.3,19.8,16.2,7.9,10.1,3.7,,,3.6,11.4
2024-04-12,Ixè,2024-04-08,2024-04-12,1000,26.6,19.9,16.4,8.0,8.4,4.2,,,3.7,12.8
2024-04-11,Termometro Politico,2024-04-09,2024-04-11,3700,27.8,19.5,15.6,8.8,8.0,3.3,,,3.9,13.5
2024-04-09,Demopolis,2024-04-08,2024-04-09,2000,27.0,20.0,15.8,8.0,8.7,3.8,,,3.5,10.9
2024-04-08,SWG,2024-04-03,2024-04-08,1200,26.9,19.8,15.6,8.8,7.8,3.9,,,4.0,13.2
2024-04-08,Euromedia,2024-04-08,2024-04-08,800,26.9,19.7,17.6,8.7,8.5,3.7,,,3.8,11.1
2024-04-05,Quorum,2024-04-04,2024-04-05,801,27.7,19.8,16.0,7.5,7.8,3.9,,,3.1,13.1
2024-04-04,Piepoli,2024-04-02,2024-04-04,500,28.0,19.5,17.0,8.5,8.0,4.0,3.5,1.5,7.5,3.5
2024-04-04,Termometro Politico,2024-04-03,2024-04-04,4400,27.6,19.5,15.9,8.6,7.1,3.5,2.6,1.0,6.7,7.5
2024-04-04,EMG,2024-04-02,2024-04-04,1000,27.2,20.2,16.7,7.8,9.0,3.3,,,3.2,12.6
2024-04-03,Eumetra,2024-04-02,2024-04-03,800,27.2,20.0,16.3,8.3,8.1,3.9,2.9,0.9,7.3,5.1
2024-04-02,SWG,2024-03-27,2024-04-02,1200,26.7,20.1,15.8,8.5,7.6,4.1,2.9,1.0,7.5,5.8
2024-03-29,Tecnè,2024-03-28,2024-03-29,803,27.5,20.5,15.6,7.8,9.4,4.0,3.0,,6.8,5.4
2024-03-28,BiDiMedia,2024-03-26,2024-03-28,2000,27.1,20.2,16.6,8.3,7.1,4.4,5.1,0.8,4.4,5.8
2024-03-28,Termometro Politico,2024-03-27,2024-03-28,4000,27.5,19.5,16.0,9.0,7.2,3.2,2.4,1.2,6.6,7.4
2024-03-25,SWG,2024-03-20,2024-03-25,1200,27.0,19.9,15.6,8.3,7.7,4.1,2.8,1.1,7.4,6.1
2024-03-25,Ipsos,2024-03-19,2024-03-25,1000,27.5,20.5,16.1,8.0,8.7,3.3,2.8,0.7,5.8,6.6
2024-03-23,Tecnè,2024-03-23,2024-03-23,,27.4,20.5,15.6,7.8,9.4,4.2,2.8,,7.1,5.2
2024-03-21,Demopolis,2024-03-21,2024-03-21,,28.2,20.3,15.6,8.0,7.8,3.6,,,3.2,3.0
2024-03-21,Termometro Politico,2024-03-20,2024-03-21,4200,27.8,19.3,15.8,9.0,7.3,3.4,2.6,1.1,6.8,6.9
2024-03-20,Eumetra,2024-03-19,2024-03-20,800,27.2,19.7,16.1,8.1,8.0,4.1,,,7.0,
2024-03-18,SWG,2024-03-13,2024-03-18,1200,26.8,19.8,15.3,8.0,7.8,4.2,2.9,1.1,7.5,6.6
2024-03-15,Tecnè,2024-03-14,2024-03-15,,27.6,20.3,15.8,7.9,9.3,4.1,2.7,,7.1,5.2
2024-03-14,Termometro Politico,2024-03-13,2024-03-14,3900,28.2,19.5,15.9,9.0,7.1,3.3,2.5,1.0,6.7,6.8
2024-03-13,Eumetra,2024-03-12,2024-03-13,800,27.5,19.9,16.2,8.2,7.9,4.0,2.5,1.0,7.1,5.7
2024-03-11,SWG,2024-03-06,2024-03-11,1200,27.1,20.2,15.4,8.1,7.6,4.1,2.7,1.0,7.6,6.2
2024-03-08,Tecnè,2024-03-07,2024-03-08,1001,27.8,20.2,16.1,7.9,9.2,4.0,2.6,,7.2,5.0
2024-03-07,Termometro Politico,2024-03-06,2024-03-07,3900,28.5,19.5,16.1,9.1,6.8,3.3,2.4,1.1,6.7,6.5
2024-03-06,Eumetra,2024-03-05,2024-03-06,800,27.7,19.6,16.4,8.1,7.9,3.8,2.5,1.0,6.9,6.1
2024-03-05,Ipsos,2024-02-23,2024-03-05,1503,27.0,19.0,17.4,8.2,8.2,4.1,2.6,,6.4,7.1
2024-03-04,SWG,2024-02-28,2024-03-04,1200,27.3,20.0,15.8,8.0,7.6,4.2,2.8,1.0,7.4,5.9
2024-03-01,Tecnè,2024-02-29,2024-03-01,1001,28.1,20.0,16.0,8.1,9.3,3.9,2.5,,7.2,4.9
2024-03-01,Quorum,2024-02-28,2024-03-01,803,27.1,19.9,15.9,8.1,6.6,4.6,3.4,0.7,7.2,6.5
2024-02-29,Demopolis,2024-02-29,2024-02-29,2000,28.0,20.8,17.0,7.6,7.0,3.7,,,3.5,
2024-02-29,Termometro Politico,2024-02-27,2024-02-29,4300,28.7,19.6,16.2,9.2,6.7,3.1,2.5,1.1,6.5,6.4
2024-02-28,Eumetra,2024-02-27,2024-02-28,800,27.9,19.5,16.3,8.2,7.5,3.8,2.4,0.9,7.2,6.3
2024-02-27,Piepoli,2024-02-26,2024-02-27,510,28.5,19.5,16.0,8.5,7.5,4.0,2.5,1.5,8.5,3.5
2024-02-26,SWG,2024-02-21,2024-02-26,1200,27.7,20.0,15.6,8.1,7.1,4.2,2.6,,7.7,7.0
2024-02-23,Tecnè,2024-02-22,2024-02-23,,28.3,19.9,16.1,8.2,9.4,3.9,2.4,,7.0,4.8
2024-02-22,Ipsos,2024-02-20,2024-02-22,1000,28.2,18.3,17.0,8.3,7.9,3.5,2.2,1.1,6.9,6.6
2024-02-22,Eumetra,2024-02-21,2024-02-22,800,28.2,19.8,16.1,8.2,7.2,3.9,2.4,0.8,7.3,6.1
2024-02-22,Termometro Politico,2024-02-20,2024-02-22,3900,28.6,19.6,16.0,9.3,6.5,3.3,2.5,1.1,6.6,6.5
2024-02-22,Stack Data Strategy,2024-02-17,2024-02-22,944,27.1,19.9,15.5,8.7,6.6,3.7,4.2,0.9,8.2,5.2
2024-02-19,Ixè,2024-02-13,2024-02-19,1000,28.1,19.0,15.8,8.8,7.8,4.3,2.6,1.4,6.7,5.5
2024-02-19,SWG,2024-02-14,2024-02-19,1200,28.2,20.1,15.3,8.0,7.1,4.3,2.4,,7.5,7.1
2024-02-16,Tecnè,2024-02-15,2024-02-16,1000,28.4,20.0,16.0,8.2,9.2,3.9,2.4,,6.8,5.1
2024-02-15,Proger Index,2024-02-15,2024-02-15,,28.5,19.7,16.5,8.2,7.1,4.0,2.5,1.4,7.6,4.5
2024-02-15,Termometro Politico,2024-02-13,2024-02-15,4100,28.8,19.7,16.0,9.3,6.7,3.2,2.4,1.1,6.5,6.3
2024-02-14,Eumetra,2024-02-13,2024-02-14,800,28.0,19.6,16.3,8.3,7.1,3.7,2.6,0.5,7.2,6.7
2024-02-13,Tecnè,2024-02-12,2024-02-13,1000,28.4,19.8,16.2,8.2,9.1,3.8,2.4,,6.9,5.2
2024-02-12,Piepoli,2024-02-12,2024-02-12,504,29.0,19.5,16.0,8.5,7.0,4.0,3.0,1.5,8.0,3.5
2024-02-12,SWG,2024-02-07,2024-02-12,1200,27.9,19.7,15.7,8.3,7.3,4.2,2.5,,7.4,7.0
2024-02-08,Tecnè,2024-02-07,2024-02-08,997,28.5,19.8,16.2,8.4,9.2,3.7,2.4,,6.6,5.2
2024-02-08,Termometro Politico,2024-02-07,2024-02-08,3800,28.8,19.6,16.3,9.5,6.5,3.1,2.5,1.0,6.4,6.8
2024-02-08,Demos & Pi,2024-02-05,2024-02-08,1001,28.2,19.6,16.9,8.3,7.0,3.5,2.5,,6.9,7.1
2024-02-05,Piepoli,2024-02-05,2024-02-05,510,29.5,20.0,16.5,9.0,7.0,4.0,2.5,1.5,7.5,2.5
2024-02-05,SWG,2024-01-31,2024-02-05,1200,28.1,20.0,15.9,8.5,7.3,4.0,2.4,,7.4,6.4
2024-02-02,Tecnè,2024-02-01,2024-02-02,1004,28.7,19.7,16.4,8.3,9.3,3.6,2.3,,6.6,5.1
2024-01-31,Eumetra,2024-01-30,2024-01-31,800,28.5,19.7,16.8,8.5,7.4,3.6,2.5,0.5,7.4,2.6
2024-01-29,Ixè,2024-01-23,2024-01-29,1000,29.6,19.1,16.8,8.0,6.5,4.4,2.5,0.9,5.8,6.4
2024-01-29,SWG,2024-01-24,2024-01-29,1200,28.5,19.5,15.9,8.7,7.2,3.9,2.5,,7.6,6.2
2024-01-29,Tecnè,2024-01-28,2024-01-29,998,28.8,19.6,16.5,8.4,9.3,3.6,2.3,,6.5,5.0
2024-01-27,BiDiMedia,2024-01-24,2024-01-27,1000,28.6,19.3,16.1,9.0,6.6,3.8,2.5,1.0,7.3,5.8
2024-01-26,Quorum,2024-01-25,2024-01-26,803,28.4,19.2,13.6,9.3,6.5,4.3,2.6,1.6,6.6,7.9
2024-01-26,Tecnè,2024-01-25,2024-01-26,1000,28.8,19.5,16.4,8.4,9.4,3.5,2.2,,6.6,5.2
2024-01-25,Termometro Politico,2024-01-24,2024-01-25,4100,29.0,19.4,16.0,9.6,6.6,3.1,2.5,,6.7,7.1
2024-01-24,EMG,2024-01-23,2024-01-24,1501,27.3,18.7,17.0,8.1,8.3,3.9,2.7,1.2,7.7,5.1
2024-01-24,Eumetra,2024-01-23,2024-01-24,800,28.9,19.4,16.3,8.9,7.3,3.5,2.3,0.7,7.5,5.2
2024-01-22,Tecnè,2024-01-21,2024-01-22,801,29.0,19.5,16.3,8.4,9.3,3.5,2.5,,6.6,4.9
2024-01-22,SWG,2024-01-17,2024-01-22,1200,28.8,19.1,16.1,8.5,7.4,3.6,2.4,1.0,7.7,5.4
2024-01-19,Piepoli,2024-01-19,2024-01-19,,30.0,19.0,16.5,8.5,7.0,3.0,3.0,1.5,7.5,4.0
2024-01-19,Tecnè,2024-01-18,2024-01-19,997,28.9,19.3,16.3,8.5,9.3,3.3,2.3,,6.7,5.4
2024-01-18,Termometro Politico,2024-01-17,2024-01-18,4200,29.1,19.3,16.3,9.6,6.5,3.1,2.6,,6.6,6.9
2024-01-18,Ipsos,2024-01-16,2024-01-18,1000,29.0,19.7,16.2,8.7,7.0,4.2,2.1,1.1,6.3,5.7
2024-01-17,Eumetra,2024-01-16,2024-01-17,800,28.9,19.2,16.5,9.2,7.2,3.3,2.4,0.7,7.6,5.0
2024-01-16,Tecnè,2024-01-15,2024-01-16,1000,28.8,19.4,16.1,8.5,9.4,3.5,2.3,,6.8,5.2
2024-01-15,SWG,2024-01-10,2024-01-15,1200,29.0,19.4,16.1,8.8,7.2,3.4,2.3,1.0,7.5,5.0
2024-01-15,Tecnè,2024-01-14,2024-01-15,800,28.9,19.3,16.2,8.5,9.4,3.4,2.4,,6.8,5.1
2024-01-12,Piepoli,2024-01-12,2024-01-12,,29.5,19.0,16.5,9.0,7.5,3.0,2.5,1.5,7.5,4.0
2024-01-12,Tecnè,2024-01-11,2024-01-12,997,28.8,19.2,16.1,8.4,9.3,3.5,2.5,,6.7,5.5
2024-01-11,Termometro Politico,2024-01-10,2024-01-11,3800,29.5,19.4,16.0,9.5,6.3,3.0,2.5,,6.6,7.2
2024-01-11,Lab2101,2024-01-08,2024-01-11,1000,28.9,19.7,16.3,10.1,6.0,4.2,2.5,0.7,7.0,4.6
2024-01-10,Proger Index,2024-01-10,2024-01-10,800,29.8,19.2,16.8,8.6,6.9,3.5,2.4,1.4,7.3,4.1
2024-01-10,Eumetra,2024-01-09,2024-01-10,800,29.3,19.2,16.3,9.5,7.2,3.1,2.5,1.0,7.3,4.6
2024-01-09,Euromedia,2024-01-09,2024-01-09,1000,28.3,19.1,16.7,9.4,7.3,3.4,2.6,0.5,7.8,4.9
2024-01-08,Tecnè,2024-01-07,2024-01-08,801,28.7,19.2,16.3,8.3,9.3,3.5,2.5,,6.8,5.4
2024-01-08,SWG,2024-01-03,2024-01-08,1200,29.2,19.1,16.4,9.1,7.3,3.2,2.4,1.2,7.5,4.6
2024-01-04,Lab2101,2023-12-30,2024-01-04,1000,29.2,19.6,16.2,10.3,5.9,4.3,2.6,0.7,6.9,4.3
2024-01-02,Tecnè,2024-01-02,2024-01-02,791,28.8,19.0,16.5,8.3,9.4,3.5,2.4,,6.8,5.3
2023-12-29,Termometro Politico,2023-12-27,2023-12-29,3600,29.1,19.2,16.1,9.7,6.4,3.1,2.6,,6.6,7.2
2023-12-23,Lab2101,2023-12-18,2023-12-23,1000,29.5,19.5,16.1,10.4,5.7,4.2,2.5,0.6,6.6,4.9
2023-12-21,Termometro Politico,2023-12-20,2023-12-21,3800,29.3,19.4,16.3,9.7,6.1,3.0,2.6,,6.4,7.2
2023-12-20,Euromedia,2023-12-20,2023-12-20,1000,28.5,19.5,16.5,9.3,7.5,3.6,2.5,0.5,7.3,4.8
2023-12-18,SWG,2023-12-13,2023-12-18,1200,28.5,19.4,16.8,9.1,7.2,3.4,2.6,1.3,7.1,4.6
2023-12-15,Ixè,2023-12-11,2023-12-15,1000,29.3,18.9,17.6,8.1,6.8,3.7,2.7,1.0,6.1,5.8
2023-12-15,Tecnè,2023-12-14,2023-12-15,997,28.5,19.4,16.0,8.4,9.8,3.5,2.5,,7.0,4.9
2023-12-14,Quorum,2023-12-13,2023-12-14,805,28.5,19.6,13.4,10.0,5.9,4.0,2.2,2.0,6.9,7.5
2023-12-14,Termometro Politico,2023-12-13,2023-12-14,3900,29.6,19.3,16.0,9.6,6.3,3.2,2.6,,6.3,7.1
2023-12-14,Ipsos,2023-12-12,2023-12-14,1000,29.3,19.0,17.2,8.0,6.8,4.0,2.4,1.0,6.7,5.6
2023-12-14,Lab2101,2023-12-08,2023-12-14,1000,29.3,19.7,16.3,10.6,5.6,4.1,2.6,0.7,6.7,4.4
2023-12-13,Euromedia,2023-12-13,2023-12-13,800,28.3,19.2,16.8,9.0,7.7,3.5,2.6,0.4,7.3,5.2
2023-12-13,BiDiMedia,2023-12-12,2023-12-13,1000,28.5,19.7,15.3,8.7,6.8,3.3,2.7,0.8,7.3,6.9
2023-12-13,Eumetra,2023-12-12,2023-12-13,800,28.6,19.5,16.1,9.5,7.3,3.4,2.5,1.1,6.9,5.1
2023-12-11,Tecnè,2023-12-10,2023-12-11,998,28.5,19.2,16.0,8.3,9.9,3.5,2.4,,7.2,5.0
2023-12-11,SWG,2023-12-05,2023-12-11,1200,28.2,19.6,16.4,9.4,7.2,3.3,2.6,1.2,6.8,5.3
2023-12-08,EMG,2023-12-07,2023-12-08,1000,27.5,18.8,17.0,8.0,8.5,3.0,2.5,1.0,8.0,4.0
2023-12-07,Lab2101,2023-12-01,2023-12-07,1000,29.1,19.8,16.2,10.5,5.6,4.2,2.5,0.8,6.7,4.6
2023-12-07,Tecnè,2023-12-06,2023-12-07,1000,28.7,19.2,15.9,8.5,9.9,3.4,2.6,,7.1,4.7
2023-12-07,Quorum,2023-12-06,2023-12-07,805,28.9,19.3,13.5,9.9,6.2,3.7,2.2,1.8,7.3,7.2
2023-12-07,Demopolis,2023-12-06,2023-12-07,1500,28.5,19.8,16.0,9.5,7.3,3.5,,,6.8,
2023-12-06,Tecnè,2023-12-06,2023-12-06,802,28.6,19.4,16.1,8.5,9.9,3.0,2.5,,7.2,4.8
2023-12-06,Eumetra,2023-12-05,2023-12-06,800,28.5,19.3,16.0,9.4,7.5,3.4,2.6,1.0,7.0,5.3
2023-12-04,SWG,2023-11-29,2023-12-04,1200,28.1,19.3,16.7,9.2,7.3,3.4,2.7,1.0,7.0,5.3
2023-12-01,Tecnè,2023-11-30,2023-12-01,1000,28.8,19.4,16.1,8.6,9.9,3.3,2.5,,6.8,4.6
2023-11-30,Proger Index,2023-11-30,2023-11-30,800,29.4,19.4,16.8,9.2,6.7,3.8,2.5,,7.1,5.1
2023-11-30,Quorum,2023-11-29,2023-11-30,803,29.2,19.0,13.8,9.8,6.3,3.4,2.5,1.7,6.8,7.4
2023-11-30,Termometro Politico,2023-11-29,2023-11-30,4000,29.6,19.3,16.2,9.5,6.3,3.0,2.5,,6.5,7.1
2023-11-30,Lab2101,2023-11-26,2023-11-30,1000,29.2,19.9,16.1,10.6,5.7,4.3,2.4,0.6,6.9,4.3
2023-11-29,Eumetra,2023-11-28,2023-11-29,800,28.5,19.2,16.5,9.3,7.4,3.5,2.5,1.0,7.1,5.0
2023-11-27,SWG,2023-11-22,2023-11-27,1200,28.6,19.4,16.4,9.4,7.0,3.6,2.6,1.1,7.1,4.8
2023-11-24,Tecnè,2023-11-23,2023-11-24,1001,28.6,19.4,16.4,8.6,10.0,3.2,2.4,,7.0,4.4
2023-11-23,Termometro Politico,2023-11-22,2023-11-23,3600,29.5,19.6,16.0,9.7,6.4,3.1,2.5,,6.2,7.0
2023-11-23,BiDiMedia,2023-11-20,2023-11-23,1100,28.3,19.6,15.6,9.5,6.4,3.3,2.5,0.7,7.0,7.0
2023-11-23,Lab2101,2023-11-16,2023-11-23,1000,29.2,19.8,16.3,10.7,5.7,4.3,2.5,0.6,6.8,4.1
2023-11-23,Quorum,2023-11-22,2023-11-23,801,30.1,19.0,13.6,9.6,6.1,3.4,2.3,1.9,6.3,7.7
2023-11-23,Proger Index,2023-11-23,2023-11-23,800,29.7,19.4,16.6,9.3,6.5,3.7,2.6,,7.0,5.2
2023-11-22,Eumetra,2023-11-21,2023-11-22,800,28.7,19.2,16.6,9.3,7.3,3.4,2.7,0.9,6.8,5.2
2023-11-20,SWG,2023-11-15,2023-11-20,1200,29.0,19.4,16.6,9.6,6.9,3.5,2.8,1.0,6.8,4.4
2023-11-17,Tecnè,2023-11-16,2023-11-17,1001,28.5,19.8,16.1,8.5,9.9,3.2,2.4,,7.0,4.6
2023-11-16,Euromedia,2023-11-16,2023-11-16,800,28.5,18.9,16.8,8.8,7.8,3.4,2.5,0.6,7.4,5.3
2023-11-16,Proger Index,2023-11-16,2023-11-16,800,29.8,19.8,16.3,9.5,6.1,3.9,2.6,,6.8,5.2
2023-11-16,Termometro Politico,2023-11-14,2023-11-16,3900,29.2,19.5,16.2,9.6,6.6,3.0,2.3,,6.3,7.3
2023-11-16,Lab2101,2023-11-09,2023-11-16,1000,29.1,19.7,16.4,10.8,5.6,4.2,2.4,0.5,6.8,4.5
2023-11-16,Winpoll,2023-11-14,2023-11-16,1500,27.7,21.0,15.8,8.4,7.6,3.7,2.3,,6.8,6.7
2023-11-15,Eumetra,2023-11-14,2023-11-15,800,28.6,19.3,16.5,9.2,7.2,3.5,2.6,1.1,6.9,5.1
2023-11-13,SWG,2023-11-08,2023-11-13,1200,29.1,19.7,16.2,9.4,6.7,3.6,2.5,1.1,6.9,4.8
2023-11-10,Tecnè,2023-11-09,2023-11-10,1000,28.6,19.4,16.3,8.7,10.0,3.3,2.4,,6.8,4.5
2023-11-09,Quorum,2023-11-07,2023-11-09,804,29.5,19.6,13.7,9.3,5.5,3.3,2.5,1.9,6.9,7.8
2023-11-09,Ipsos,2023-11-07,2023-11-09,1000,28.5,18.0,17.0,9.2,7.8,3.5,2.6,1.1,6.6,5.7
2023-11-09,Demos & Pi,2023-11-06,2023-11-09,1006,28.4,20.3,16.7,7.7,7.2,3.5,2.8,,6.2,7.2
2023-11-08,Lab2101,2023-11-03,2023-11-08,1000,29.2,19.5,16.6,10.7,5.7,4.1,2.5,0.4,7.2,4.1
2023-11-08,Eumetra,2023-11-08,2023-11-08,800,28.8,19.5,16.6,9.4,6.9,3.4,2.4,0.9,6.9,5.2
2023-11-07,Noto,2023-11-07,2023-11-07,,28.5,20.0,17.5,9.5,7.0,3.5,2.0,1.5,6.5,4.0
2023-11-06,SWG,2023-10-31,2023-11-06,1200,29.2,20.0,16.4,9.8,6.4,3.6,2.4,1.0,6.8,4.4
2023-11-04,BiDiMedia,2023-11-02,2023-11-04,1000,29.1,19.3,16.0,9.5,6.3,3.2,2.5,0.8,6.7,6.6
2023-11-03,Tecnè,2023-11-02,2023-11-03,1000,28.7,19.6,16.0,9.0,10.1,3.2,2.3,,6.5,4.6
2023-11-03,Ixè,2023-10-27,2023-11-03,1000,29.7,19.4,16.9,8.1,7.0,3.8,2.1,0.9,5.9,4.8
2023-11-02,Euromedia,2023-11-02,2023-11-02,800,28.0,19.0,17.0,8.4,7.9,3.5,2.5,0.5,7.5,5.7
2023-11-02,Quorum,2023-10-31,2023-11-02,802,29.5,19.2,14.2,9.5,6.0,3.2,2.4,1.8,6.8,7.4
2023-11-02,Lab2101,2023-10-26,2023-11-02,1000,29.4,19.3,16.7,10.6,5.5,4.0,2.4,0.5,7.3,4.3
2023-11-01,Eumetra,2023-10-31,2023-11-01,800,28.9,19.9,16.2,9.7,6.5,3.4,2.2,1.0,6.6,5.6
2023-10-30,SWG,2023-10-25,2023-10-30,1200,29.0,20.2,16.1,10.2,6.2,3.5,2.2,1.0,6.5,5.1
2023-10-27,Proger Index,2023-10-27,2023-10-27,800,29.8,19.5,16.7,10.0,6.1,3.7,2.6,,6.8,4.8
2023-10-27,EMG,2023-10-27,2023-10-27,,27.7,19.2,16.3,9.0,7.9,3.0,2.5,1.3,7.8,5.3
2023-10-27,Tecnè,2023-10-26,2023-10-27,1000,28.7,19.8,16.2,9.2,10.0,3.2,2.2,,6.1,4.6
2023-10-26,Euromedia,2023-10-26,2023-10-26,800,28.5,19.2,16.9,8.0,7.7,3.3,2.5,0.5,7.4,6.0
2023-10-26,Quorum,2023-10-24,2023-10-26,802,29.4,19.5,14.4,9.2,5.9,3.3,2.3,1.5,7.3,7.2
2023-10-25,Lab2101,2023-10-20,2023-10-25,1000,29.6,19.2,16.6,11.1,5.5,3.9,2.5,0.6,7.2,3.8
2023-10-25,Eumetra,2023-10-24,2023-10-25,800,28.6,19.6,16.5,9.6,6.8,3.4,2.4,0.8,6.7,5.6
2023-10-23,SWG,2023-10-18,2023-10-23,1200,28.7,19.8,16.4,10.2,6.3,3.5,2.4,1.0,6.6,5.1
2023-10-23,Euromedia,2023-10-23,2023-10-23,800,29.0,19.5,16.8,8.5,7.3,2.8,2.5,0.5,7.1,6.0
2023-10-20,Tecnè,2023-10-19,2023-10-20,1000,29.0,19.7,16.1,9.3,10.0,3.3,2.1,,5.9,4.6
2023-10-20,Quorum,2023-10-18,2023-10-20,800,29.8,19.9,14.5,9.0,6.1,3.4,2.2,1.2,7.1,6.8
2023-10-20,Termometro Politico,2023-10-18,2023-10-20,4000,29.7,19.2,16.0,9.8,6.1,2.8,2.6,,6.2,7.6
2023-10-19,Euromedia,2023-10-19,2023-10-19,800,28.4,19.3,17.1,8.8,7.0,3.0,2.6,0.6,7.1,6.1
2023-10-19,Proger Index,2023-10-18,2023-10-19,800,29.6,19.6,17.0,10.1,6.0,3.8,2.5,,6.6,4.8
2023-10-19,Lab2101,2023-10-15,2023-10-19,1000,29.3,19.3,16.4,11.2,5.8,4.0,2.4,0.5,7.0,4.1
2023-10-18,EMG,2023-10-17,2023-10-18,,27.2,19.0,16.0,9.5,7.6,3.3,2.6,1.2,8.3,5.3
2023-10-18,Demopolis,2023-10-17,2023-10-18,2000,29.0,20.0,16.2,9.8,6.5,3.4,,,3.7,4.7
2023-10-18,Eumetra,2023-10-17,2023-10-18,800,28.3,19.4,16.3,9.7,7.0,3.7,2.5,1.1,6.9,5.1
2023-10-17,Noto,2023-10-17,2023-10-17,,28.0,19.5,17.5,10.5,7.5,3.0,2.0,1.5,6.0,4.5
2023-10-17,Piepoli,2023-10-17,2023-10-17,,29.0,20.0,16.0,8.5,6.0,4.0,2.5,1.5,7.5,5.0
2023-10-17,Quorum,2023-10-13,2023-10-17,803,30.0,19.9,14.4,8.8,6.3,3.6,2.2,1.3,6.9,6.6
2023-10-16,SWG,2023-10-11,2023-10-16,1200,28.4,19.6,16.1,10.2,6.4,3.6,2.5,1.0,6.5,5.7
2023-10-13,Tecnè,2023-10-12,2023-10-13,1000,28.8,19.6,16.3,9.2,10.1,3.2,2.2,,5.9,4.7
2023-10-12,Termometro Politico,2023-10-10,2023-10-12,3800,29.8,19.0,16.3,9.6,6.4,2.9,2.6,,6.2,7.2
2023-10-12,Quorum,2023-10-11,2023-10-12,802,29.6,19.7,14.9,9.3,6.3,3.7,2.2,0.9,6.3,7.1
2023-10-11,Eumetra,2023-10-10,2023-10-11,800,28.4,19.6,16.6,9.8,7.0,3.5,2.3,0.9,6.7,5.2
2023-10-11,Lab2101,2023-10-07,2023-10-11,1000,29.3,19.4,16.6,11.1,5.9,3.9,2.3,0.4,7.1,4.0
2023-10-09,SWG,2023-10-04,2023-10-09,1200,28.7,19.8,16.5,10.3,6.4,3.3,2.4,,6.2,6.4
2023-10-06,Piepoli,2023-10-06,2023-10-06,,28.5,20.0,16.5,9.5,6.0,4.0,2.5,1.5,6.5,5.0
2023-10-06,Tecnè,2023-10-05,2023-10-06,1000,28.7,19.4,16.5,9.0,10.2,3.3,2.3,,6.0,4.6
2023-10-05,Quorum,2023-10-04,2023-10-05,802,29.7,19.5,15.2,9.3,6.0,4.2,2.3,0.7,6.7,6.4
2023-10-05,Ipsos,2023-10-03,2023-10-05,1000,29.8,18.5,16.9,10.1,7.0,3.4,2.0,1.1,6.2,5.0
2023-10-05,Lab2101,2023-09-29,2023-10-05,1000,29.1,19.6,16.8,10.9,6.1,3.7,2.3,0.4,7.1,4.0
2023-10-04,Proger Index,2023-10-04,2023-10-04,800,29.8,20.0,16.8,9.8,5.9,3.7,2.6,,6.5,4.9
2023-10-04,EMG,2023-10-03,2023-10-04,,27.4,20.1,15.6,9.3,6.6,3.0,2.7,1.4,8.8,5.1
2023-10-03,Winpoll,2023-09-29,2023-10-03,1000,27.3,20.8,15.4,8.9,8.0,3.9,2.1,,6.8,6.8
2023-10-03,Ixè,2023-09-27,2023-10-03,1000,29.9,20.6,16.6,8.5,6.8,3.6,2.7,0.9,6.0,4.4
2023-10-02,SWG,2023-09-27,2023-10-02,1200,29.1,19.5,16.7,9.8,6.5,3.4,2.6,,6.3,6.1
2023-10-02,Tecnè,2023-10-01,2023-10-02,1005,28.6,19.4,16.4,9.1,10.1,3.3,2.2,,6.0,4.9
2023-10-02,Euromedia,2023-10-02,2023-10-02,800,28.0,19.4,17.0,9.6,6.9,3.0,2.5,0.6,7.4,5.6
2023-09-29,Tecnè,2023-09-28,2023-09-29,1001,28.5,19.3,16.6,9.0,10.1,3.3,2.4,,6.0,4.8
2023-09-29,Termometro Politico,2023-09-27,2023-09-29,4000,29.7,19.3,16.5,9.5,6.3,3.0,2.4,,5.9,7.4
2023-09-28,Lab2101,2023-09-25,2023-09-28,1000,28.9,19.5,16.7,10.8,6.3,3.8,2.2,0.5,7.0,4.3
2023-09-27,EMG,2023-09-26,2023-09-27,,27.2,20.0,15.9,9.6,6.4,2.8,2.7,1.5,8.6,5.3
2023-09-27,Eumetra,2023-09-26,2023-09-27,800,28.9,19.7,16.8,9.8,6.7,3.4,2.5,0.7,6.8,4.7
2023-09-26,Piepoli,2023-09-25,2023-09-26,508,29.0,19.5,16.5,9.5,6.0,4.0,2.0,1.5,6.5,5.5
2023-09-25,Tecnè,2023-09-24,2023-09-25,1000,28.4,19.3,16.6,9.1,10.0,3.5,2.3,,6.0,4.8
2023-09-25,SWG,2023-09-20,2023-09-25,1200,28.7,19.8,16.9,10.1,6.5,3.2,2.6,,6.5,5.7
2023-09-22,Tecnè,2023-09-21,2023-09-22,1000,28.4,19.4,16.4,9.0,10.1,3.4,2.4,,6.0,4.9
2023-09-21,Piepoli,2023-09-21,2023-09-21,,29.0,20.0,16.0,9.5,6.0,3.5,2.5,1.5,6.5,5.5
2023-09-21,Quorum,2023-09-19,2023-09-21,802,30.7,19.3,15.4,8.4,6.1,4.4,2.0,0.9,7.3,5.5
2023-09-21,Lab2101,2023-09-17,2023-09-21,1000,28.8,19.7,16.6,10.9,6.5,3.9,2.3,0.4,6.6,4.3
2023-09-20,Termometro Politico,2023-09-18,2023-09-20,4000,29.5,19.6,16.1,9.3,6.6,2.8,2.5,,6.1,7.5
2023-09-20,Demos & Pi,2023-09-18,2023-09-20,1010,28.6,20.4,17.2,7.8,6.6,3.6,2.6,,6.4,6.8
2023-09-20,EMG,2023-09-19,2023-09-20,1274,27.5,20.0,15.9,9.3,6.5,2.6,2.4,1.5,8.5,5.8
2023-09-19,Noto,2023-09-19,2023-09-19,,27.5,19.0,17.0,10.5,7.0,3.0,2.0,1.5,6.0,6.5
2023-09-19,Euromedia,2023-09-19,2023-09-19,1000,27.6,19.2,16.6,10.4,7.0,2.8,2.5,0.7,7.1,6.1
2023-09-18,SWG,2023-09-13,2023-09-18,1200,28.8,19.8,17.2,9.8,6.3,3.4,2.4,,6.5,5.8
2023-09-15,Tecnè,2023-09-14,2023-09-15,1002,28.2,19.8,16.1,9.0,10.1,3.5,2.5,,6.0,4.8
2023-09-14,Termometro Politico,2023-09-12,2023-09-14,4200,29.2,19.5,16.0,9.5,6.9,2.9,2.5,,6.1,7.4
2023-09-14,Ixè,2023-09-11,2023-09-14,1000,30.4,20.8,17.1,7.4,5.9,4.4,1.8,1.4,6.3,4.5
2023-09-13,Quorum,2023-09-12,2023-09-13,802,31.2,19.1,15.2,8.0,5.9,4.5,2.0,1.0,7.4,5.7
2023-09-13,EMG,2023-09-12,2023-09-13,1260,27.3,20.1,16.2,9.0,6.8,2.6,2.4,1.5,8.4,5.7
2023-09-13,Lab2101,2023-09-11,2023-09-13,1000,29.0,20.0,16.3,10.7,6.8,3.8,2.4,0.5,6.6,3.9
2023-09-11,Euromedia,2023-09-11,2023-09-11,800,27.7,19.3,16.9,10.6,7.0,2.7,2.6,0.5,7.2,5.5
2023-09-11,Tecnè,2023-09-11,2023-09-11,1000,28.2,20.1,16.0,9.0,10.0,3.6,2.3,,6.1,4.7
2023-09-11,SWG,2023-09-06,2023-09-11,1200,28.5,19.7,17.4,9.6,6.4,3.3,2.7,,6.4,6.0
2023-09-08,Piepoli,2023-09-08,2023-09-08,,29.0,19.5,16.0,9.0,7.0,3.5,2.5,1.5,6.0,6.0
2023-09-08,Tecnè,2023-09-07,2023-09-08,1003,28.4,20.1,15.8,8.8,10.2,3.6,2.4,,6.1,4.6
2023-09-07,Termometro Politico,2023-09-05,2023-09-07,3100,29.1,19.4,16.1,9.4,7.1,3.0,2.4,,6.0,7.5
2023-09-07,Lab2101,2023-09-02,2023-09-07,1000,29.1,20.1,16.1,10.6,7.0,3.7,2.5,0.4,6.5,4.0
2023-09-07,Ipsos,2023-09-05,2023-09-07,1000,30.2,19.5,16.4,8.1,6.6,3.7,2.2,1.0,6.8,5.5
2023-09-07,Quorum,2023-09-06,2023-09-07,800,31.7,19.5,15.0,7.6,5.7,4.1,2.3,1.1,6.6,6.4
2023-09-04,Tecnè,2023-09-03,2023-09-04,1005,28.3,20.3,15.6,8.9,10.1,3.5,2.5,,6.1,4.7
2023-09-04,SWG,2023-08-30,2023-09-04,1200,28.2,20.1,16.9,9.4,6.4,3.3,2.6,,6.3,6.8
2023-09-01,Tecnè,2023-08-31,2023-09-01,1003,28.5,20.3,15.5,8.9,10.2,3.5,2.5,,6.2,4.4
2023-09-01,Lab2101,2023-08-28,2023-09-01,1000,29.0,20.2,16.0,10.6,7.1,3.6,2.5,0.6,6.7,3.7
2023-08-31,Euromedia,2023-08-30,2023-08-31,1000,26.5,20.3,16.5,10.5,7.4,2.5,2.5,0.5,7.9,5.4
2023-08-31,Quorum,2023-08-29,2023-08-31,800,31.2,19.0,15.2,8.3,5.8,3.7,2.0,1.3,6.6,6.9
2023-08-30,BiDiMedia,2023-08-28,2023-08-30,1005,29.1,20.2,15.8,9.3,6.4,3.2,2.8,0.7,6.4,6.1
2023-08-24,Termometro Politico,2023-08-22,2023-08-24,3200,28.9,19.6,16.3,9.5,6.9,2.8,2.6,,6.1,7.3
2023-08-20,Lab2101,2023-08-01,2023-08-20,2000,29.1,20.0,15.9,10.4,7.3,3.7,2.8,0.5,6.6,3.7
2023-08-17,Lab2101,2023-08-10,2023-08-17,1000,29.2,20.1,15.9,10.3,7.1,3.6,2.7,0.6,6.4,4.1
2023-08-09,Lab2101,2023-08-08,2023-08-09,1000,29.4,20.2,15.8,10.2,7.3,3.4,2.6,0.7,6.6,3.8
2023-08-05,Piepoli,2023-08-05,2023-08-05,,29.5,19.5,15.5,9.0,7.5,3.5,2.5,1.5,6.0,5.5
2023-08-02,Demopolis,2023-08-01,2023-08-02,1500,28.8,20.2,15.9,9.3,7.0,3.0,,0.7,3.4,3.0
2023-07-31,SWG,2023-07-26,2023-07-31,1200,29.4,20.0,16.3,9.7,7.2,3.0,2.4,,5.9,6.1
2023-07-28,Lab2101,2023-07-24,2023-07-28,1000,29.1,20.3,15.9,9.6,7.2,3.6,2.7,0.5,7.0,4.1
2023-07-28,Tecnè,2023-07-27,2023-07-28,997,29.2,20.0,15.5,8.7,10.9,3.4,2.2,,6.0,4.1
2023-07-27,Termometro Politico,2023-07-26,2023-07-27,3800,29.2,19.7,16.2,9.1,7.3,3.0,2.4,,6.1,7.0
2023-07-27,Ipsos,2023-07-25,2023-07-27,1000,30.4,19.3,16.3,8.4,6.0,4.1,2.7,1.2,6.9,4.7
2023-07-26,Euromedia,2023-07-26,2023-07-26,1000,27.2,20.8,16.0,9.8,7.3,2.5,2.2,0.5,8.3,5.4
2023-07-25,BiDiMedia,2023-07-24,2023-07-25,1000,28.2,20.1,15.5,9.2,7.4,3.2,2.5,0.7,6.2,7.0
2023-07-24,SWG,2023-07-19,2023-07-24,1200,29.2,19.6,16.0,9.6,7.2,3.2,2.5,,6.3,6.3
2023-07-23,Noto,2023-07-23,2023-07-23,,28.5,20.0,16.0,8.0,8.0,3.0,1.5,1.5,6.5,7.0
2023-07-21,AnalisiPolitica,2023-07-20,2023-07-21,1000,29.1,20.2,15.8,9.1,7.8,2.4,,,6.6,9.0
2023-07-21,Tecnè,2023-07-20,2023-07-21,1000,28.8,20.2,15.4,8.7,11.1,3.3,2.3,,6.0,4.2
2023-07-20,Lab2101,2023-07-15,2023-07-20,1000,29.2,20.4,15.8,9.4,7.5,3.7,2.6,0.6,7.2,3.6
2023-07-20,Quorum,2023-07-18,2023-07-20,802,29.6,19.4,15.5,8.9,6.0,3.9,2.9,1.1,6.5,6.2
2023-07-20,Termometro Politico,2023-07-18,2023-07-20,3700,28.9,19.5,16.0,9.4,7.5,2.9,2.6,,6.1,7.1
2023-07-19,Euromedia,2023-07-19,2023-07-19,1000,27.2,21.0,16.5,10.1,7.1,2.3,2.0,0.5,8.1,5.2
2023-07-17,SWG,2023-07-12,2023-07-17,1200,28.7,20.0,15.9,9.8,7.5,3.1,2.6,,6.3,6.1
2023-07-14,Piepoli,2023-07-14,2023-07-14,,29.0,20.0,15.5,9.0,7.5,3.0,2.0,1.5,6.5,6.0
2023-07-14,Tecnè,2023-07-13,2023-07-14,998,29.0,20.1,15.5,8.7,11.0,3.2,2.4,,6.0,4.1
2023-07-14,Lab2101,2023-07-11,2023-07-14,1000,29.6,20.1,15.3,9.1,7.7,3.6,2.5,0.5,7.0,4.6
2023-07-13,Termometro Politico,2023-07-11,2023-07-13,4000,29.1,19.8,16.2,9.1,7.5,2.8,2.4,,5.9,7.2
2023-07-13,Quorum,2023-07-11,2023-07-13,805,30.3,19.5,15.5,8.8,6.0,4.0,2.7,1.0,6.2,6.0
2023-07-10,SWG,2023-07-05,2023-07-10,1200,28.8,20.4,15.9,10.0,7.2,3.2,2.4,,6.4,5.7
2023-07-08,Euromedia,2023-07-07,2023-07-08,1000,27.4,20.8,16.3,9.8,7.0,2.5,2.0,0.5,8.1,5.6
2023-07-07,Tecnè,2023-07-06,2023-07-07,1000,29.3,19.8,15.5,8.6,11.0,3.1,2.4,,6.2,4.1
2023-07-06,Piepoli,2023-07-06,2023-07-06,,29.5,19.5,16.0,8.5,8.0,3.0,2.0,1.5,7.5,4.5
2023-07-06,Termometro Politico,2023-07-05,2023-07-06,3700,29.3,19.6,16.2,9.3,7.5,2.8,2.5,,6.0,6.8
2023-07-06,Quorum,2023-07-04,2023-07-06,805,29.7,19.8,15.7,8.5,6.1,3.7,2.8,1.3,5.9,6.5
2023-07-05,Lab2101,2023-07-01,2023-07-05,1000,30.2,19.8,14.9,8.8,7.6,3.4,2.4,0.4,6.8,5.7
2023-07-03,SWG,2023-06-28,2023-07-03,1200,28.3,20.1,16.3,9.6,7.5,3.3,2.6,,6.7,5.6
2023-06-30,Tecnè,2023-06-28,2023-06-30,1801,29.6,20.1,15.3,8.5,11.2,3.0,2.3,,6.0,4.0
2023-06-29,Demopolis,2023-06-28,2023-06-29,2000,29.0,21.0,15.4,9.0,7.5,3.0,1.5,,5.6,8.0
2023-06-29,Quorum,2023-06-27,2023-06-29,802,29.4,20.1,15.4,8.6,6.9,3.5,2.5,1.6,6.0,6.0
2023-06-29,Ipsos,2023-06-27,2023-06-29,1000,29.4,19.4,16.2,9.1,7.3,3.2,1.5,0.9,7.2,5.8
2023-06-29,Termometro Politico,2023-06-27,2023-06-29,3700,29.3,19.9,15.9,9.1,7.7,2.7,2.4,,6.0,7.0
2023-06-29,Lab2101,2023-06-25,2023-06-29,1000,30.1,19.5,15.2,8.6,7.4,3.3,2.6,0.6,6.8,5.9
2023-06-28,Demos & Pi,2023-06-26,2023-06-28,1005,29.0,20.6,15.2,8.0,7.8,3.3,2.5,,6.3,7.3
2023-06-27,Euromedia,2023-06-27,2023-06-27,800,29.2,20.2,16.2,8.4,7.0,2.4,2.0,0.6,8.6,5.4
2023-06-26,SWG,2023-06-21,2023-06-26,1200,28.6,20.3,16.3,9.3,7.1,3.3,2.3,,6.6,6.2
2023-06-24,BiDiMedia,2023-06-23,2023-06-24,1000,28.7,20.0,15.8,8.6,7.7,3.0,2.5,0.7,6.4,6.6
2023-06-23,Tecnè,2023-06-22,2023-06-23,1000,29.5,20.0,15.3,8.4,11.5,3.1,2.2,,5.9,4.1
2023-06-23,Termometro Politico,2023-06-20,2023-06-23,4400,29.0,19.6,16.1,9.2,8.0,2.6,2.5,,6.1,6.9
2023-06-22,Noto,2023-06-22,2023-06-22,,28.0,20.0,16.0,9.5,10.0,2.5,2.0,1.5,6.0,8.0
2023-06-22,Quorum,2023-06-21,2023-06-22,803,28.7,20.6,15.6,8.2,7.8,3.2,2.0,1.2,6.0,6.7
2023-06-19,Tecnè,2023-06-18,2023-06-19,1003,29.6,19.7,15.2,8.5,11.5,3.0,1.9,,6.0,4.6
2023-06-19,Ixè,2023-06-15,2023-06-19,1000,30.2,20.3,16.6,8.3,7.0,4.1,2.3,0.9,5.3,5.0
2023-06-19,SWG,2023-06-14,2023-06-19,1200,28.9,20.5,16.0,9.1,7.2,3.2,2.5,1.0,6.6,5.0
2023-06-17,Lab2101,2023-06-13,2023-06-17,1000,29.8,19.6,15.9,8.9,7.2,3.4,2.2,0.7,7.1,5.2
2023-06-16,EMG,2023-06-15,2023-06-16,1268,28.0,20.0,14.6,9.2,8.9,2.4,3.0,1.3,6.5,6.1
2023-06-16,Tecnè,2023-06-15,2023-06-16,1000,29.5,19.8,15.2,8.4,11.8,3.0,2.0,,6.0,4.3
2023-06-15,Termometro Politico,2023-06-12,2023-06-15,4900,29.3,19.6,16.0,9.1,8.3,2.6,2.3,,6.1,6.7
2023-06-15,Piepoli,2023-06-15,2023-06-15,,29.5,20.0,15.5,9.0,8.0,3.0,2.5,1.5,6.5,4.5
2023-06-14,Euromedia,2023-06-14,2023-06-14,1000,28.8,21.3,15.0,8.7,9.5,2.4,1.9,0.5,7.7,4.2
2023-06-13,Noto,2023-06-13,2023-06-13,,28.0,20.0,15.0,9.0,10.0,3.5,2.5,1.5,6.5,4.0
2023-06-13,Quorum,2023-06-13,2023-06-13,801,28.0,20.7,15.9,7.2,9.6,3.6,1.9,1.2,5.0,6.9
2023-06-12,Winpoll,2023-06-12,2023-06-12,1000,28.7,21.3,14.4,7.1,13.3,3.1,1.8,,5.5,4.8
2023-06-12,SWG,2023-06-07,2023-06-12,1200,28.7,20.2,16.4,8.8,7.3,3.4,2.5,1.0,6.9,4.8
2023-06-09,Tecnè,2023-06-08,2023-06-09,1000,30.0,19.6,15.7,9.0,8.3,3.0,2.3,,6.9,5.2
2023-06-08,EMG,2023-06-08,2023-06-08,1211,27.5,19.9,15.2,10.0,7.4,2.3,3.4,1.2,6.4,6.7
2023-06-08,Termometro Politico,2023-06-06,2023-06-08,3600,29.7,19.3,15.9,9.0,7.8,2.6,2.4,,6.1,7.2
2023-06-06,Euromedia,2023-06-06,2023-06-06,1000,29.2,21.2,16.4,9.0,6.5,2.5,1.9,0.7,8.1,4.5
2023-06-06,Noto,2023-06-06,2023-06-06,,28.5,20.5,15.0,9.5,7.0,3.5,2.0,1.5,6.5,6.0
2023-06-05,Tecnè,2023-06-04,2023-06-05,1000,30.0,19.8,15.5,9.0,8.2,3.2,2.1,,7.0,5.2
2023-06-05,SWG,2023-05-30,2023-06-05,1200,29.1,20.4,16.1,9.0,7.0,3.6,2.4,1.0,6.5,4.9
2023-06-03,BiDiMedia,2023-05-31,2023-06-03,1128,28.9,20.1,15.4,9.5,6.4,3.0,2.6,0.9,7.1,6.1
2023-06-01,EMG,2023-06-01,2023-06-01,1385,27.8,20.3,15.4,10.0,7.1,2.4,3.1,1.0,6.4,6.5
2023-06-01,Quorum,2023-05-31,2023-06-01,801,29.7,21.0,16.0,7.5,6.7,3.5,2.0,1.2,4.9,7.5
2023-06-01,Tecnè,2023-05-31,2023-06-01,1000,30.0,19.8,15.4,8.9,8.3,3.1,2.2,,7.2,5.1
2023-06-01,Termometro Politico,2023-05-30,2023-06-01,3700,29.4,19.3,16.2,9.3,7.6,2.4,2.5,,6.3,7.0
2023-06-01,Lab2101,2023-05-26,2023-06-01,1000,29.8,19.3,16.1,9.5,6.8,3.2,2.2,0.7,7.3,5.1
2023-05-30,Piepoli,2023-05-30,2023-05-30,,29.5,19.5,15.5,9.0,7.5,3.0,2.5,1.5,7.5,4.5
2023-05-29,SWG,2023-05-24,2023-05-29,1200,29.1,21.0,16.3,9.1,6.6,3.4,2.4,1.0,6.8,4.3
2023-05-26,Tecnè,2023-05-25,2023-05-26,1000,29.7,20.0,15.5,9.0,8.2,2.9,2.3,,7.1,5.3
2023-05-25,EMG,2023-05-25,2023-05-25,1435,28.1,20.6,15.4,9.7,6.7,2.1,2.8,1.1,6.6,6.9
2023-05-25,Noto,2023-05-25,2023-05-25,,28.0,21.5,14.0,9.5,7.0,3.0,2.0,1.5,6.5,7.0
2023-05-25,Ipsos,2023-05-23,2023-05-25,1000,29.6,20.4,15.0,8.2,7.7,3.5,1.8,1.0,6.5,6.3
2023-05-25,Termometro Politico,2023-05-23,2023-05-25,3900,29.7,19.3,16.0,9.3,7.4,2.5,2.3,,6.5,7.0
2023-05-25,Lab2101,2023-05-22,2023-05-25,1000,29.4,19.7,16.4,9.3,6.7,3.4,2.4,0.6,7.7,4.4
2023-05-23,Piepoli,2023-05-23,2023-05-23,,29.5,19.5,16.0,9.5,7.0,2.5,3.0,1.5,7.5,4.0
2023-05-22,SWG,2023-05-17,2023-05-22,1200,29.7,20.9,16.0,8.8,6.7,3.5,2.2,,7.0,5.2
2023-05-19,Euromedia,2023-05-19,2023-05-19,1000,29.6,20.8,16.5,9.2,6.5,2.5,1.8,0.6,8.2,4.3
2023-05-19,Tecnè,2023-05-18,2023-05-19,1000,29.4,19.8,15.7,9.1,8.3,3.0,2.4,,7.0,5.3
2023-05-19,Lab2101,2023-05-15,2023-05-19,1000,29.1,19.9,16.1,9.6,6.8,3.3,2.2,0.8,8.0,4.2
2023-05-18,Quorum,2023-05-17,2023-05-18,801,29.4,21.3,16.1,8.2,6.5,3.1,1.8,1.2,5.8,6.6
2023-05-18,Termometro Politico,2023-05-16,2023-05-18,4200,29.5,19.0,16.0,9.4,7.6,2.5,2.2,,6.4,7.4
2023-05-17,Piepoli,2023-05-17,2023-05-17,,30.0,19.0,16.0,9.0,7.0,2.5,2.5,1.5,6.5,6.0
2023-05-17,Noto,2023-05-16,2023-05-17,1000,27.5,21.0,14.0,10.0,6.5,3.0,2.0,1.5,7.5,7.0
2023-05-15,SWG,2023-05-10,2023-05-15,1200,29.8,21.3,15.8,8.6,6.8,3.4,2.4,,6.8,5.1
2023-05-12,Tecnè,2023-05-11,2023-05-12,1000,29.3,19.6,15.9,9.0,8.5,2.9,2.3,,7.1,5.4
2023-05-12,Lab2101,2023-05-09,2023-05-12,1000,29.3,20.2,15.6,9.9,6.8,3.1,2.2,0.5,7.7,4.7
2023-05-11,EMG,2023-05-11,2023-05-11,1428,28.0,20.5,16.1,9.6,6.5,2.5,2.5,1.0,6.8,6.5
2023-05-11,Termometro Politico,2023-05-09,2023-05-11,4200,29.3,19.2,16.1,9.3,7.5,2.3,2.4,,6.6,7.3
2023-05-10,Proger Index,2023-05-10,2023-05-10,800,29.5,20.6,15.7,9.0,6.6,3.3,2.5,,6.9,6.1
2023-05-08,Euromedia,2023-05-08,2023-05-08,1000,28.8,19.6,16.2,9.6,6.8,2.5,2.2,0.8,8.1,5.4
2023-05-08,SWG,2023-05-03,2023-05-08,1200,29.5,21.1,15.6,9.0,6.6,3.3,2.4,,6.9,5.6
2023-05-05,Tecnè,2023-05-04,2023-05-05,1000,29.3,19.6,15.7,8.9,8.7,3.1,2.4,,7.1,5.2
2023-05-04,EMG,2023-05-04,2023-05-04,1435,28.3,20.0,16.3,9.3,6.5,2.7,2.3,1.0,7.2,6.4
2023-05-04,Piepoli,2023-05-04,2023-05-04,,30.0,19.0,16.5,8.5,7.0,2.5,2.0,1.5,6.0,7.0
2023-05-04,Quorum,2023-05-03,2023-05-04,805,28.6,20.8,16.9,8.4,6.4,3.0,1.9,1.0,6.7,6.3
2023-05-04,Lab2101,2023-05-02,2023-05-04,1000,29.2,19.8,15.9,9.8,6.7,3.4,2.2,0.4,7.7,4.9
2023-05-04,Termometro Politico,2023-05-02,2023-05-04,4100,29.6,18.9,16.1,9.3,7.4,2.4,2.5,,6.5,7.3
2023-05-03,Proger Index,2023-05-03,2023-05-03,800,29.1,20.8,15.6,9.0,6.7,3.1,2.5,,7.0,6.2
2023-04-30,SWG,2023-04-26,2023-04-30,1200,28.8,21.5,15.3,9.0,6.8,3.2,2.3,,6.8,6.3
2023-04-28,Tecnè,2023-04-27,2023-04-28,1000,29.4,19.4,15.9,9.0,8.4,3.0,2.3,,7.1,5.5
2023-04-27,EMG,2023-04-27,2023-04-27,1536,27.8,19.9,16.3,9.3,6.8,2.9,2.1,1.1,7.6,6.2
2023-04-27,Quorum,2023-04-26,2023-04-27,804,29.0,20.8,16.6,8.6,6.2,3.0,1.8,1.1,6.5,6.4
2023-04-27,Demos & Pi,2023-04-26,2023-04-27,1007,29.3,20.1,15.6,8.2,7.6,3.2,2.7,,6.6,6.7
2023-04-27,Termometro Politico,2023-04-25,2023-04-27,3900,29.6,18.7,15.9,9.5,7.7,2.3,2.5,,6.5,7.3
2023-04-27,Lab2101,2023-04-24,2023-04-27,1000,29.1,20.1,15.8,9.7,6.6,3.3,2.3,0.6,7.9,4.6
2023-04-26,Euromedia,2023-04-26,2023-04-26,800,29.0,20.1,15.7,9.5,7.1,1.9,2.1,0.6,8.4,5.6
2023-04-24,SWG,2023-04-19,2023-04-24,1200,28.6,21.1,15.4,9.3,6.6,3.0,2.4,0.8,6.8,6.0
2023-04-21,Piepoli,2023-04-21,2023-04-21,,30.0,18.0,16.0,8.5,8.0,2.5,2.0,1.5,6.5,7.5
2023-04-21,Tecnè,2023-04-20,2023-04-21,1000,29.3,19.6,15.7,9.0,8.3,3.1,2.4,,6.9,5.7
2023-04-21,Lab2101,2023-04-18,2023-04-21,1000,29.3,19.8,15.6,9.8,6.5,3.2,2.3,0.5,8.2,4.8
2023-04-20,EMG,2023-04-20,2023-04-20,1485,27.3,19.9,16.6,9.0,7.2,3.0,1.9,1.2,8.0,5.9
2023-04-20,Quorum,2023-04-18,2023-04-20,802,29.4,20.7,16.9,8.7,6.8,2.6,2.0,1.3,5.6,6.0
2023-04-20,Ipsos,2023-04-18,2023-04-20,1000,29.0,20.7,16.5,8.0,8.0,3.3,2.3,1.3,5.2,5.7
2023-04-20,Termometro Politico,2023-04-18,2023-04-20,4100,29.2,18.7,16.2,9.7,7.5,2.2,2.4,,6.8,7.3
2023-04-19,Noto,2023-04-18,2023-04-19,1000,28.0,21.0,15.0,10.0,7.0,3.0,2.0,1.5,7.5,5.0
2023-04-19,Demopolis,2023-04-18,2023-04-19,2000,29.2,20.5,15.0,9.0,6.8,3.2,1.8,,6.3,8.2
2023-04-19,Proger Index,2023-04-19,2023-04-19,800,29.1,20.5,15.7,9.3,6.4,3.0,2.5,,6.8,6.7
2023-04-17,SWG,2023-04-12,2023-04-17,1200,29.0,21.0,15.4,9.4,6.3,3.1,2.3,,7.2,6.3
2023-04-15,Piepoli,2023-04-15,2023-04-15,,29.5,18.0,16.0,8.5,7.5,3.0,2.5,1.5,7.5,6.0
2023-04-14,BiDiMedia,2023-04-13,2023-04-14,872,28.5,20.0,15.5,9.5,6.6,2.8,2.4,0.8,7.5,6.4
2023-04-14,Tecnè,2023-04-13,2023-04-14,1000,29.4,19.6,15.6,8.9,8.3,3.3,2.3,,6.9,5.7
2023-04-13,EMG,2023-04-13,2023-04-13,1413,27.0,19.5,17.0,9.3,7.4,2.9,2.0,1.2,6.9,6.8
2023-04-13,Quorum,2023-04-12,2023-04-13,802,28.9,20.3,16.6,8.1,6.8,3.0,2.1,0.9,7.5,5.8
2023-04-13,Termometro Politico,2023-04-11,2023-04-13,4200,29.6,18.4,16.4,8.9,7.7,2.3,2.3,,7.5,6.9
2023-04-13,Lab2101,2023-04-07,2023-04-13,1000,29.1,19.4,15.8,9.7,6.8,3.4,2.2,0.6,7.9,5.1
2023-04-12,Euromedia,2023-04-12,2023-04-12,1000,29.6,20.1,15.2,9.3,7.0,2.1,2.1,0.5,7.7,6.4
2023-04-12,Proger Index,2023-04-12,2023-04-12,800,29.5,20.3,15.6,8.9,6.5,3.3,2.6,,7.8,5.5
2023-04-10,SWG,2023-04-05,2023-04-10,1200,29.3,20.7,15.1,8.8,6.5,3.2,2.4,,7.7,6.3
2023-04-07,Piepoli,2023-04-07,2023-04-07,,29.5,17.5,16.0,8.5,7.0,3.0,2.5,1.5,7.5,7.0
2023-04-07,Tecnè,2023-04-05,2023-04-07,1000,29.7,19.8,15.4,8.7,8.1,3.1,2.1,,7.4,5.7
2023-04-06,Termometro Politico,2023-04-04,2023-04-06,4100,29.4,18.4,16.7,8.9,7.5,2.1,2.3,,7.7,7.0
2023-04-06,Lab2101,2023-04-01,2023-04-06,1000,29.3,18.7,15.6,9.8,6.5,3.7,2.1,0.6,8.5,5.2
2023-04-06,EMG,2023-04-06,2023-04-06,1402,26.6,19.3,16.8,9.6,8.0,2.7,2.0,1.2,6.8,7.0
2023-04-05,Proger Index,2023-04-05,2023-04-05,800,29.8,20.2,15.4,8.7,6.2,3.2,2.6,,8.1,5.8
2023-04-03,SWG,2023-03-29,2023-04-03,1200,29.7,20.4,15.1,8.4,6.2,3.3,2.6,,7.8,6.5
2023-03-31,Tecnè,2023-03-30,2023-03-31,1000,29.7,20.0,15.5,8.6,7.4,3.2,2.3,,7.3,6.0
2023-03-30,Termometro Politico,2023-03-28,2023-03-30,4200,29.6,18.5,16.5,9.0,7.4,2.0,2.2,,7.6,7.2
2023-03-30,Ixè,2023-03-27,2023-03-30,1000,28.9,21.1,15.5,8.1,6.8,3.9,1.9,1.0,6.7,6.1
2023-03-30,Lab2101,2023-03-24,2023-03-30,1000,29.7,18.7,15.2,9.6,6.9,3.7,2.1,0.6,9.1,4.4
2023-03-30,Quorum,2023-03-29,2023-03-30,805,28.8,20.6,16.4,9.0,6.2,2.7,2.0,1.2,7.3,5.8
2023-03-30,EMG,2023-03-30,2023-03-30,1333,26.8,19.3,16.5,9.5,8.2,2.7,2.0,1.2,6.9,6.9
2023-03-29,Euromedia,2023-03-29,2023-03-29,1000,28.7,20.5,15.0,9.0,7.0,2.8,2.1,0.5,8.6,5.8
2023-03-29,Proger Index,2023-03-29,2023-03-29,800,29.7,20.1,15.6,8.6,6.4,3.1,2.5,,8.3,5.7
2023-03-27,Tecnè,2023-03-26,2023-03-27,1000,30.0,20.0,15.5,9.0,7.5,,,,7.0,11.0
2023-03-27,SWG,2023-03-22,2023-03-27,1200,29.6,20.4,15.6,8.0,6.4,3.4,2.7,,8.0,5.9
2023-03-24,Piepoli,2023-03-24,2023-03-24,,30.0,17.5,16.5,9.0,7.0,3.0,2.0,1.5,8.0,5.5
2023-03-24,Tecnè,2023-03-23,2023-03-24,1000,30.0,19.8,15.6,8.8,7.2,3.1,2.4,,7.1,6.0
2023-03-23,Lab2101,2023-03-18,2023-03-23,1000,30.1,18.4,15.4,9.5,6.7,3.6,2.2,0.7,9.0,4.3
2023-03-23,Quorum,2023-03-21,2023-03-23,805,28.9,20.1,15.8,8.8,5.9,2.8,2.3,1.3,7.6,6.5
2023-03-23,Termometro Politico,2023-03-22,2023-03-23,4200,29.4,18.0,16.3,9.0,7.7,2.2,2.4,,7.8,7.2
2023-03-23,Noto,2023-03-23,2023-03-23,,29.0,21.0,14.5,8.5,7.5,3.0,1.5,1.5,8.0,5.5
2023-03-23,EMG,2023-03-23,2023-03-23,1472,27.0,18.9,16.6,9.3,8.5,2.7,2.2,1.3,7.1,6.4
2023-03-22,Demopolis,2023-03-21,2023-03-22,2000,30.0,20.2,15.0,8.5,6.6,3.0,,,7.3,9.4
2023-03-20,Ixè,2023-03-16,2023-03-20,1000,28.6,20.1,16.2,8.0,6.2,4.6,2.0,0.9,7.0,6.4
2023-03-20,SWG,2023-03-15,2023-03-20,1200,30.3,20.4,15.3,8.5,6.3,3.2,2.5,,7.7,5.8
2023-03-17,Tecnè,2023-03-16,2023-03-17,1000,30.1,19.6,15.8,8.8,7.2,3.0,2.5,,7.2,5.8
2023-03-17,Lab2101,2023-03-11,2023-03-17,1000,30.3,18.0,15.6,9.4,6.9,3.7,2.1,0.6,8.9,4.5
2023-03-16,EMG,2023-03-16,2023-03-16,1365,27.1,18.4,16.5,9.5,8.5,2.9,2.4,1.4,7.0,6.3
2023-03-16,Ipsos,2023-03-14,2023-03-16,1000,30.3,19.0,16.8,8.0,7.2,3.5,2.0,1.0,6.2,6.0
2023-03-16,Termometro Politico,2023-03-14,2023-03-16,4200,29.5,18.0,16.4,9.2,7.5,2.0,2.3,,7.7,7.4
2023-03-16,Quorum,2023-03-14,2023-03-16,805,29.0,19.3,15.8,8.5,5.8,2.9,2.0,1.5,7.6,7.6
2023-03-15,Proger Index,2023-03-15,2023-03-15,800,29.8,19.5,15.8,9.0,6.2,3.1,2.7,,8.1,5.8
2023-03-14,Piepoli,2023-03-14,2023-03-14,,30.5,16.5,16.5,9.5,7.5,2.5,2.0,1.5,7.5,6.0
2023-03-13,Euromedia,2023-03-13,2023-03-13,800,29.2,20.3,15.0,9.4,6.5,2.6,2.2,0.5,8.4,5.9
2023-03-13,SWG,2023-03-08,2023-03-13,1200,30.3,19.8,16.1,8.8,6.4,3.2,2.2,,7.5,5.7
2023-03-11,BiDiMedia,2023-03-10,2023-03-11,1034,28.1,18.7,16.0,9.2,7.1,2.9,2.6,0.9,8.4,6.1
2023-03-10,Lab2101,2023-03-07,2023-03-10,1000,30.1,17.5,15.9,9.2,7.1,3.9,2.3,0.7,8.7,4.6
2023-03-10,Tecnè,2023-03-09,2023-03-10,1000,30.6,18.6,16.0,8.9,7.4,2.8,2.4,,7.4,5.9
2023-03-09,EMG,2023-03-09,2023-03-09,1324,27.4,17.8,16.5,9.9,8.4,3.2,2.6,1.5,7.0,5.7
2023-03-09,Quorum,2023-03-07,2023-03-09,805,28.4,18.7,16.0,8.7,5.9,3.3,1.8,1.5,7.7,8.0
2023-03-09,Termometro Politico,2023-03-07,2023-03-09,4200,29.2,18.0,16.8,9.3,7.2,2.2,2.3,,7.6,7.4
2023-03-08,Proger Index,2023-03-08,2023-03-08,800,30.0,18.9,16.0,9.0,6.1,3.5,2.8,,8.0,5.7
2023-03-06,SWG,2023-03-01,2023-03-06,1200,30.7,19.0,15.7,8.8,6.6,3.0,2.1,,8.0,6.1
2023-03-02,EMG,2023-03-02,2023-03-02,1302,27.3,18.1,16.2,9.8,8.2,3.4,2.8,1.5,6.8,5.9
2023-03-02,Tecnè,2023-03-02,2023-03-02,1000,30.7,18.0,16.5,8.8,7.5,2.9,2.6,,7.4,5.6
2023-03-02,Proger Index,2023-03-02,2023-03-02,800,30.1,17.8,16.7,8.9,6.0,4.0,2.9,,7.6,6.0
2023-03-02,Quorum,2023-02-28,2023-03-02,804,28.7,17.9,15.6,8.7,5.7,3.3,2.1,1.8,7.2,9.0
2023-03-02,Lab2101,2023-02-23,2023-03-02,1000,29.7,17.3,16.1,9.6,7.2,4.1,2.5,0.4,8.4,4.7
2023-03-01,Termometro Politico,2023-02-28,2023-03-01,4600,28.9,17.9,16.7,9.2,7.1,2.0,2.4,,7.9,7.9
2023-02-28,Euromedia,2023-02-28,2023-02-28,1000,29.6,19.6,15.6,9.4,6.9,2.0,2.4,0.5,8.3,5.7
2023-02-28,Noto,2023-02-28,2023-02-28,,28.5,19.5,16.5,10.0,7.5,1.5,1.5,1.5,8.0,6.0
2023-02-27,SWG,2023-02-23,2023-02-27,1200,30.7,16.4,17.0,8.7,6.4,3.8,2.9,,7.2,6.9
2023-02-24,Tecnè,2023-02-23,2023-02-24,1000,31.0,17.2,16.8,9.1,7.7,3.2,2.5,,7.2,5.3
2023-02-23,Ipsos,2023-02-21,2023-02-23,1000,31.0,17.0,17.5,8.6,7.4,3.5,2.0,1.2,6.0,5.8
2023-02-23,Lab2101,2023-02-20,2023-02-23,1000,29.5,16.2,16.9,9.5,6.9,4.3,2.7,0.6,8.0,5.4
2023-02-23,EMG,2023-02-23,2023-02-23,1388,27.7,18.6,16.6,9.4,7.8,3.2,3.0,1.4,7.0,5.3
2023-02-23,Termometro Politico,2023-02-21,2023-02-23,4300,28.5,16.6,17.3,9.2,7.5,2.7,2.7,,7.6,7.9
2023-02-22,Proger Index,2023-02-22,2023-02-22,800,30.5,16.3,17.1,9.2,6.0,4.0,2.8,,7.4,6.7
2023-02-22,Demos & Pi,2023-02-20,2023-02-22,1003,30.5,17.5,17.0,8.5,7.0,3.3,2.9,,7.2,6.1
2023-02-21,Euromedia,2023-02-21,2023-02-21,800,29.6,17.5,16.9,9.0,7.7,3.0,2.4,0.5,8.1,5.3
2023-02-21,Ixè,2023-02-15,2023-02-21,1000,31.1,16.9,17.2,7.6,6.7,4.2,2.1,0.9,6.6,6.7
2023-02-20,Piepoli,2023-02-20,2023-02-20,510,30.5,15.0,17.0,9.5,7.0,3.0,2.5,1.5,7.5,6.5
2023-02-20,SWG,2023-02-15,2023-02-20,1200,31.0,15.8,17.0,9.3,6.2,3.4,2.8,,7.4,7.1
2023-02-18,Tecnè,2023-02-16,2023-02-18,1000,31.1,16.7,17.0,9.2,7.8,3.1,2.4,,7.4,5.3
2023-02-16,Termometro Politico,2023-02-14,2023-02-16,4100,28.7,16.8,17.2,8.9,7.5,2.8,2.5,,7.9,7.7
2023-02-16,Lab2101,2023-02-13,2023-02-16,1000,29.4,16.0,17.2,9.6,6.9,4.0,2.6,0.5,8.1,5.7
2023-02-15,Proger Index,2023-02-15,2023-02-15,800,31.0,15.4,17.5,8.7,6.3,3.9,2.8,,7.6,6.8
2023-02-14,EMG,2023-02-13,2023-02-14,1523,27.8,18.3,17.5,8.8,7.4,3.5,2.5,1.5,7.4,5.3
2023-02-13,SWG,2023-02-08,2023-02-13,1200,31.0,15.1,17.7,8.9,6.1,3.6,2.8,,7.8,7.0
2023-02-13,Noto,2023-02-13,2023-02-13,,28.5,16.0,19.0,10.0,7.5,2.5,2.0,1.5,7.5,5.5
2023-02-13,Tecnè,2023-02-11,2023-02-13,1000,30.6,17.1,16.7,9.2,8.0,3.3,2.5,,7.4,5.2
2023-02-09,Lab2101,2023-02-09,2023-02-09,1000,28.9,15.5,17.9,9.3,6.8,4.0,2.7,0.5,9.1,4.1
2023-02-06,SWG,2023-02-01,2023-02-06,1200,30.6,14.8,17.5,8.7,6.4,3.5,3.0,,8.1,7.4
2023-02-03,Lab2101,2023-01-27,2023-02-03,1000,28.5,16.6,17.8,9.5,7.0,3.9,2.8,0.6,9.3,4.0
2023-02-02,EMG,2023-02-02,2023-02-02,1456,27.5,17.9,17.7,8.7,7.4,3.4,2.5,1.3,7.6,6.0
2023-02-02,Termometro Politico,2023-01-31,2023-02-02,4100,28.5,16.5,17.9,8.6,7.0,2.9,2.6,,8.3,7.7
2023-02-02,Ixè,2023-01-30,2023-02-02,1000,30.1,16.7,17.9,7.8,7.5,3.8,2.8,0.5,7.0,5.9
2023-02-01,Proger Index,2023-02-01,2023-02-01,800,30.7,15.2,17.7,8.5,6.6,4.0,2.9,,7.9,6.5
2023-01-30,EMG,2023-01-30,2023-01-30,1325,27.5,17.7,17.9,8.6,7.2,3.6,2.4,1.3,7.9,5.9
2023-01-30,SWG,2023-01-25,2023-01-30,1200,30.4,14.2,17.8,9.0,6.8,3.6,3.2,,8.2,6.8
2023-01-26,Piepoli,2023-01-26,2023-01-26,,30.0,15.0,17.5,9.0,6.5,4.0,3.0,1.5,8.5,5.0
2023-01-26,Termometro Politico,2023-01-25,2023-01-26,3300,28.6,16.6,17.6,8.4,7.4,2.8,2.5,,8.1,8.0
2023-01-26,Quorum,2023-01-23,2023-01-26,1602,29.6,15.8,17.7,8.7,6.7,3.5,2.3,1.5,7.8,6.4
2023-01-26,Lab2101,2023-01-19,2023-01-26,1000,28.8,16.9,17.8,9.4,6.9,3.8,2.8,0.5,9.4,3.7
2023-01-25,Noto,2023-01-25,2023-01-25,,28.0,15.0,20.0,10.0,7.0,3.0,2.0,1.0,8.5,5.5
2023-01-25,Demopolis,2023-01-24,2023-01-25,2000,29.0,15.0,17.8,8.3,6.6,3.2,,,7.5,12.6
2023-01-25,Proger Index,2023-01-25,2023-01-25,800,30.5,15.1,17.5,8.2,6.7,4.0,3.0,,7.9,7.1
2023-01-24,Euromedia,2023-01-24,2023-01-24,800,29.1,17.2,17.0,8.5,7.6,2.6,2.4,0.5,8.6,6.5
2023-01-23,Ipsos,2023-01-19,2023-01-23,1000,30.5,16.4,18.2,8.3,6.8,4.1,2.0,1.0,7.1,5.6
2023-01-23,SWG,2023-01-18,2023-01-23,1200,30.8,14.0,17.4,8.5,6.6,3.8,3.1,1.0,8.2,6.6
2023-01-20,Tecnè,2023-01-19,2023-01-20,1000,31.0,15.5,17.4,9.0,7.7,3.2,2.6,,7.8,5.8
2023-01-19,EMG,2023-01-19,2023-01-19,1406,27.8,17.4,17.6,8.8,7.0,3.8,2.3,1.4,8.2,5.7
2023-01-19,Termometro Politico,2023-01-17,2023-01-19,3800,29.1,16.4,17.3,8.4,7.2,3.0,2.6,,8.1,7.9
2023-01-18,Lab2101,2023-01-13,2023-01-18,1000,28.5,16.5,18.1,9.5,6.7,3.9,2.7,0.4,9.1,4.6
2023-01-18,BiDiMedia,2023-01-16,2023-01-18,1200,29.1,16.3,17.1,8.8,6.8,3.6,2.7,0.9,8.2,6.5
2023-01-16,SWG,2023-01-11,2023-01-16,1200,31.3,14.2,17.6,8.3,6.4,3.7,3.0,1.0,7.8,6.7
2023-01-13,Tecnè,2023-01-12,2023-01-13,1000,31.0,15.2,17.6,9.0,7.6,3.5,2.5,,7.6,6.0
2023-01-12,EMG,2023-01-12,2023-01-12,1528,28.2,17.1,17.4,9.0,7.0,3.5,2.1,1.4,8.4,5.9
2023-01-12,Termometro Politico,2023-01-10,2023-01-12,3700,28.8,16.3,17.5,8.6,7.1,3.2,2.5,,8.0,8.0
2023-01-12,Lab2101,2023-01-06,2023-01-12,1000,28.2,16.2,18.2,9.4,6.5,4.0,2.8,0.6,8.9,5.2
2023-01-11,Euromedia,2023-01-10,2023-01-11,1000,28.2,16.7,17.5,9.0,7.0,1.9,2.5,1.0,8.3,7.9
2023-01-10,Piepoli,2023-01-10,2023-01-10,,30.5,15.0,17.5,9.0,6.5,3.5,3.0,1.5,7.5,6.0
2023-01-09,SWG,2023-01-04,2023-01-09,1200,31.3,14.0,17.7,8.5,6.9,3.7,3.0,1.1,7.5,6.3
2023-01-05,Lab2101,2023-01-02,2023-01-05,1000,29.1,16.4,18.0,9.5,6.4,3.9,2.7,0.4,8.7,4.9
2023-01-04,EMG,2023-01-04,2023-01-04,1489,28.6,16.7,17.5,9.2,7.0,3.5,2.0,1.4,8.2,5.9
2022-12-31,Demopolis,2022-12-31,2022-12-31,,30.0,15.5,17.8,8.3,6.7,3.2,,,8.0,
2022-12-31,Lab2101,2022-12-27,2022-12-31,1000,29.0,16.6,18.1,9.3,6.6,4.0,2.6,0.5,8.6,4.5
2022-12-29,EMG,2022-12-29,2022-12-29,1434,28.8,16.5,17.3,9.3,7.1,3.3,2.2,1.5,7.9,6.1
2022-12-29,Termometro Politico,2022-12-27,2022-12-29,3600,28.7,16.3,17.7,8.4,6.8,3.3,2.4,,8.3,8.1
2022-12-22,Ipsos,2022-12-20,2022-12-22,1000,31.7,16.3,17.6,7.8,6.2,3.8,2.0,1.1,7.0,6.5
2022-12-22,Termometro Politico,2022-12-20,2022-12-22,3100,28.7,16.4,17.6,8.5,6.9,3.2,2.5,,8.2,8.0
2022-12-21,Noto,2022-12-19,2022-12-21,,28.5,16.0,18.5,9.5,8.5,2.5,2.0,1.5,8.0,5.0
2022-12-21,Ixè,2022-12-19,2022-12-21,1000,30.3,15.5,18.1,9.1,6.9,4.3,2.6,1.0,7.7,4.5
2022-12-20,Piepoli,2022-12-20,2022-12-20,,29.5,16.5,17.5,8.5,6.0,4.0,2.5,1.5,8.0,6.0
2022-12-19,EMG,2022-12-19,2022-12-19,1358,29.3,16.8,17.3,8.9,6.7,3.2,2.4,1.4,7.5,6.6
2022-12-19,BiDiMedia,2022-12-17,2022-12-19,1112,29.3,16.1,17.0,8.6,6.9,3.7,2.7,0.8,8.3,6.6
2022-12-19,SWG,2022-12-14,2022-12-19,1200,30.6,14.7,17.4,9.0,6.1,4.0,2.8,,7.8,7.6
2022-12-16,Tecnè,2022-12-15,2022-12-16,1000,30.8,15.7,17.5,8.8,7.4,3.4,2.6,,7.5,6.3
2022-12-15,YouTrend,2022-12-14,2022-12-15,800,33.0,15.4,16.7,9.1,6.0,3.1,1.9,1.1,8.5,5.2
2022-12-15,Termometro Politico,2022-12-14,2022-12-15,3700,28.7,16.8,17.6,8.1,7.0,3.3,2.4,,8.3,7.8
2022-12-15,Euromedia,2022-12-15,2022-12-15,,28.6,15.8,17.2,9.7,7.8,2.6,2.4,0.6,8.5,6.5
2022-12-15,EMG,2022-12-15,2022-12-15,1412,29.2,16.8,17.3,8.9,6.7,3.2,2.4,1.4,7.5,6.6
2022-12-12,SWG,2022-12-07,2022-12-12,1200,30.8,15.1,17.1,8.5,6.0,4.1,2.7,,8.0,7.7
2022-12-12,BiDiMedia,2022-12-08,2022-12-12,2018,29.1,16.5,17.2,8.2,7.0,3.8,2.5,0.7,8.1,6.9
2022-12-09,Tecnè,2022-12-09,2022-12-09,1000,30.5,16.4,17.5,8.7,7.3,3.5,2.5,,7.6,6.2
2022-12-08,EMG,2022-12-08,2022-12-08,1428,29.2,17.0,17.5,8.7,6.6,3.2,2.6,1.4,7.3,6.5
2022-12-08,Termometro Politico,2022-12-07,2022-12-08,3400,28.5,16.8,17.3,8.3,6.9,3.5,2.5,,8.3,7.9
2022-12-05,SWG,2022-11-30,2022-12-05,1200,30.8,15.4,16.6,8.1,6.1,4.0,3.0,,8.2,7.8
2022-12-02,Tecnè,2022-12-02,2022-12-02,1000,30.4,16.6,17.4,8.5,7.3,3.3,2.5,,7.5,6.5
2022-12-01,EMG,2022-12-01,2022-12-01,1425,29.0,16.9,17.7,9.1,6.5,3.4,2.6,1.3,7.5,6.0
2022-12-01,Noto,2022-12-01,2022-12-01,,28.0,17.0,18.0,10.0,8.0,3.5,2.0,1.5,8.0,4.0
2022-12-01,Termometro Politico,2022-11-29,2022-12-01,3900,28.6,16.8,17.5,8.2,6.7,3.4,2.5,,8.4,7.9
2022-11-30,Euromedia,2022-11-30,2022-11-30,1000,28.1,17.4,16.6,9.8,7.3,3.2,2.3,0.6,8.4,6.3
2022-11-28,SWG,2022-11-23,2022-11-28,1200,30.3,15.8,16.9,7.8,6.5,4.3,2.8,,8.1,7.5
2022-11-25,Tecnè,2022-11-25,2022-11-25,1000,30.3,16.4,17.6,8.4,7.2,3.3,2.6,,7.6,6.6
2022-11-25,BiDiMedia,2022-11-23,2022-11-25,1000,28.4,16.7,17.2,8.5,7.5,3.7,2.6,0.6,7.9,6.9
2022-11-24,Termometro Politico,2022-11-22,2022-11-24,3800,28.7,17.0,17.1,8.0,6.9,3.3,2.6,,8.4,8.0
2022-11-24,Ipsos,2022-11-22,2022-11-24,1000,31.4,17.2,17.5,7.3,6.8,4.2,2.1,1.2,6.8,5.5
2022-11-24,EMG,2022-11-24,2022-11-24,1585,28.9,16.6,18.0,9.0,6.7,3.3,2.4,1.2,7.7,6.2
2022-11-23,Euromedia,2022-11-23,2022-11-23,1000,28.3,17.2,16.8,9.5,6.7,3.0,2.5,0.8,8.2,7.0
2022-11-22,Piepoli,2022-11-21,2022-11-22,509,29.0,17.5,17.0,8.5,7.0,4.0,3.0,1.5,8.5,4.0
2022-11-22,Demopolis,2022-11-21,2022-11-22,2000,29.0,16.5,17.4,8.7,7.3,3.5,,,7.6,10.0
2022-11-21,EMG,2022-11-21,2022-11-21,1489,28.9,16.5,18.0,8.8,6.9,3.4,2.3,1.2,7.5,6.5
2022-11-21,SWG,2022-11-16,2022-11-21,1200,30.4,16.2,16.9,7.6,6.4,4.0,3.0,,7.9,7.6
2022-11-18,Tecnè,2022-11-18,2022-11-18,1000,30.1,16.4,17.4,8.5,7.2,3.4,2.5,,7.7,6.8
2022-11-17,Termometro Politico,2022-11-15,2022-11-17,3900,28.8,17.0,16.6,8.2,6.6,3.5,2.7,,8.4,8.2
2022-11-16,Euromedia,2022-11-16,2022-11-16,1000,28.5,17.4,16.5,10.2,6.1,3.3,2.4,0.5,8.5,6.6
2022-11-16,Proger Index,2022-11-16,2022-11-16,800,29.6,16.5,16.8,8.2,6.5,3.9,3.0,,8.0,7.5
2022-11-14,SWG,2022-11-09,2022-11-14,1200,30.1,16.0,17.0,8.1,6.8,3.8,2.9,,8.0,7.3
2022-11-11,Tecnè,2022-11-11,2022-11-11,1000,29.4,16.9,17.1,8.4,7.0,3.5,2.5,,7.7,7.5
2022-11-10,Termometro Politico,2022-11-08,2022-11-10,4000,28.4,17.4,16.5,8.3,6.6,3.6,2.5,,8.4,8.3
2022-11-10,Demos & Pi,2022-11-07,2022-11-10,1001,28.8,16.9,17.3,8.0,7.1,3.8,2.8,,7.6,7.7
2022-11-10,Noto,2022-11-10,2022-11-10,,29.0,18.5,18.5,9.5,7.0,4.5,2.0,1.0,8.0,2.0
2022-11-07,EMG,2022-11-07,2022-11-07,1483,28.0,16.8,17.5,8.7,7.1,4.0,2.7,1.1,8.0,6.1
2022-11-07,SWG,2022-11-02,2022-11-07,1200,29.4,16.0,16.8,7.7,6.3,4.0,2.7,,8.4,8.7
2022-11-04,Tecnè,2022-11-04,2022-11-04,1000,29.0,17.1,16.9,8.3,7.0,3.6,2.7,,7.8,7.6
2022-11-03,Euromedia,2022-11-02,2022-11-03,1000,28.7,16.5,17.0,9.0,6.5,3.5,2.5,1.0,8.2,7.1
2022-11-03,Termometro Politico,2022-11-01,2022-11-03,4200,28.2,17.4,16.5,8.6,6.8,3.7,2.7,,8.4,7.7
2022-11-02,Piepoli,2022-11-02,2022-11-02,510,28.0,18.5,16.5,8.0,7.5,4.0,3.0,1.5,8.5,4.5
2022-10-31,SWG,2022-10-26,2022-10-31,1200,29.1,16.3,16.3,7.9,6.5,4.1,3.0,,8.6,8.2
2022-10-28,EMG,2022-10-28,2022-10-28,1522,27.6,17.3,17.0,8.4,7.5,4.0,2.9,1.0,8.3,6.0
2022-10-28,Tecnè,2022-10-28,2022-10-28,1000,28.1,17.2,16.8,8.5,7.4,3.7,2.6,,7.9,7.8
2022-10-27,Ipsos,2022-10-25,2022-10-27,1000,29.8,18.8,16.0,8.0,6.1,3.7,2.9,1.1,7.1,6.5
2022-10-27,Termometro Politico,2022-10-25,2022-10-27,4000,28.1,17.8,16.6,8.4,6.8,3.5,2.7,,8.2,7.9
2022-10-26,Piepoli,2022-10-26,2022-10-26,516,27.0,18.5,16.5,8.5,8.0,4.0,2.5,1.5,8.5,5.0
2022-10-26,Proger Index,2022-10-26,2022-10-26,800,28.0,17.6,16.2,8.6,6.8,4.1,3.2,,8.1,7.4
2022-10-26,Euromedia,2022-10-26,2022-10-26,800,28.4,17.0,17.3,9.5,6.7,3.4,2.6,0.8,8.3,6.0
2022-10-24,SWG,2022-10-19,2022-10-24,1200,28.3,17.0,16.4,8.6,6.2,4.1,3.1,,8.4,7.9
2022-10-21,Tecnè,2022-10-21,2022-10-21,1000,28.0,17.5,16.6,8.4,7.6,3.6,2.7,,7.6,8.0
2022-10-20,EMG,2022-10-20,2022-10-20,1571,27.3,17.7,16.7,8.4,7.6,3.9,2.9,1.0,8.2,6.3
2022-10-20,BiDiMedia,2022-10-20,2022-10-20,,27.1,18.2,16.2,8.5,7.9,3.8,2.6,0.7,8.2,6.8
2022-10-20,Termometro Politico,2022-10-18,2022-10-20,3400,27.6,17.8,16.3,8.7,7.0,3.7,2.9,,8.2,7.8
2022-10-17,EMG,2022-10-17,2022-10-17,1615,27.2,18.0,16.5,8.5,7.7,3.8,2.8,1.0,8.0,6.5
2022-10-17,SWG,2022-10-12,2022-10-17,1200,27.4,17.0,16.7,8.5,7.5,4.1,3.3,,8.1,7.4
2022-10-16,Noto,2022-10-16,2022-10-16,,28.0,18.5,16.0,8.5,8.0,4.0,2.5,1.0,8.0,5.5
2022-10-15,Euromedia,2022-10-14,2022-10-15,1000,27.0,17.5,17.2,8.5,7.3,3.4,2.5,1.1,8.7,6.8
2022-10-14,Lab2101,2022-10-08,2022-10-14,1000,27.2,17.6,17.4,8.9,7.4,3.9,2.8,0.7,8.3,5.8
2022-10-13,Termometro Politico,2022-10-11,2022-10-13,4100,27.1,18.4,16.5,8.5,7.5,3.6,2.8,,7.8,7.8
2022-10-12,Proger Index,2022-10-12,2022-10-12,800,27.0,17.8,16.1,8.4,8.0,3.9,3.0,,8.0,7.8
2022-10-10,SWG,2022-10-05,2022-10-10,1200,27.5,17.5,17.0,8.3,7.4,3.8,3.1,1.0,8.0,6.4
2022-10-06,Termometro Politico,2022-10-05,2022-10-06,3700,26.6,18.7,16.0,8.6,7.9,3.8,2.6,0.7,8.0,7.1
2022-10-06,Demos & Pi,2022-10-04,2022-10-06,1004,26.4,17.8,16.8,7.9,8.0,4.2,3.4,,7.8,7.7
2022-10-03,SWG,2022-09-28,2022-10-03,1200,26.8,18.1,16.5,8.2,7.6,4.0,3.3,1.2,8.3,6.0
2022-09-28,Euromedia,2022-09-28,2022-09-28,800,26.2,19.0,16.2,8.3,8.1,3.5,2.7,0.9,7.9,7.2
